#	KBUR	1943-06-01T08:00:00+00:00	2017-08-20T04:53:00+00:00
# Potentially problematic gaps: 462
1969-01-01 06:00:00+00:00	1973-01-01 00:00:00+00:00	1460 days 18:00:00
1945-12-20 07:00:00+00:00	1948-01-01 08:00:00+00:00	742 days 01:00:00
1976-07-26 21:00:00+00:00	1976-07-29 12:00:00+00:00	2 days 15:00:00
1988-01-31 13:00:00+00:00	1988-02-02 22:00:00+00:00	2 days 09:00:00
1967-10-06 21:00:00+00:00	1967-10-08 18:00:00+00:00	1 days 21:00:00
1975-07-02 01:00:00+00:00	1975-07-03 14:00:00+00:00	1 days 13:00:00
1990-05-14 17:00:00+00:00	1990-05-15 20:00:00+00:00	1 days 03:00:00
1995-11-07 05:00:00+00:00	1995-11-08 07:00:00+00:00	1 days 02:00:00
1944-11-28 20:00:00+00:00	1944-11-29 21:00:00+00:00	1 days 01:00:00
1979-12-09 03:00:00+00:00	1979-12-10 04:00:00+00:00	1 days 01:00:00
1981-01-25 08:00:00+00:00	1981-01-26 09:00:00+00:00	1 days 01:00:00
1978-12-03 19:00:00+00:00	1978-12-04 20:00:00+00:00	1 days 01:00:00
1975-05-30 23:00:00+00:00	1975-06-01 00:00:00+00:00	1 days 01:00:00
1999-01-09 23:53:00+00:00	1999-01-11 00:53:00+00:00	1 days 01:00:00
1975-07-01 00:00:00+00:00	1975-07-02 00:00:00+00:00	1 days 00:00:00
1989-04-06 21:00:00+00:00	1989-04-07 20:00:00+00:00	0 days 23:00:00
1967-09-27 06:00:00+00:00	1967-09-28 03:00:00+00:00	0 days 21:00:00
1982-02-21 03:00:00+00:00	1982-02-21 23:00:00+00:00	0 days 20:00:00
1984-06-05 21:00:00+00:00	1984-06-06 17:00:00+00:00	0 days 20:00:00
1986-04-21 02:00:00+00:00	1986-04-21 22:00:00+00:00	0 days 20:00:00
1998-08-15 19:53:00+00:00	1998-08-16 14:53:00+00:00	0 days 19:00:00
1978-12-03 01:00:00+00:00	1978-12-03 19:00:00+00:00	0 days 18:00:00
2002-10-25 23:53:00+00:00	2002-10-26 16:53:00+00:00	0 days 17:00:00
2017-02-17 21:57:00+00:00	2017-02-18 14:45:00+00:00	0 days 16:48:00
1975-07-03 14:00:00+00:00	1975-07-04 04:00:00+00:00	0 days 14:00:00
1975-04-20 23:00:00+00:00	1975-04-21 12:00:00+00:00	0 days 13:00:00
1982-02-20 14:00:00+00:00	1982-02-21 03:00:00+00:00	0 days 13:00:00
1967-09-25 15:00:00+00:00	1967-09-26 03:00:00+00:00	0 days 12:00:00
1966-10-09 15:00:00+00:00	1966-10-10 03:00:00+00:00	0 days 12:00:00
1967-10-04 15:00:00+00:00	1967-10-05 03:00:00+00:00	0 days 12:00:00
1967-04-21 15:00:00+00:00	1967-04-22 03:00:00+00:00	0 days 12:00:00
2004-07-02 03:53:00+00:00	2004-07-02 15:53:00+00:00	0 days 12:00:00
1968-10-05 15:00:00+00:00	1968-10-06 03:00:00+00:00	0 days 12:00:00
1967-09-20 15:00:00+00:00	1967-09-21 03:00:00+00:00	0 days 12:00:00
1995-11-08 16:00:00+00:00	1995-11-09 04:00:00+00:00	0 days 12:00:00
1968-08-15 15:00:00+00:00	1968-08-16 03:00:00+00:00	0 days 12:00:00
1968-03-29 15:00:00+00:00	1968-03-30 03:00:00+00:00	0 days 12:00:00
1965-03-30 15:00:00+00:00	1965-03-31 03:00:00+00:00	0 days 12:00:00
1984-03-06 06:00:00+00:00	1984-03-06 17:00:00+00:00	0 days 11:00:00
1993-07-08 02:00:00+00:00	1993-07-08 13:00:00+00:00	0 days 11:00:00
1973-02-01 23:00:00+00:00	1973-02-02 10:00:00+00:00	0 days 11:00:00
2002-06-19 15:53:00+00:00	2002-06-20 01:53:00+00:00	0 days 10:00:00
2002-11-06 05:53:00+00:00	2002-11-06 15:53:00+00:00	0 days 10:00:00
2002-04-04 03:53:00+00:00	2002-04-04 13:53:00+00:00	0 days 10:00:00
1998-03-30 04:50:00+00:00	1998-03-30 14:47:00+00:00	0 days 09:57:00
1966-08-25 18:00:00+00:00	1966-08-26 03:00:00+00:00	0 days 09:00:00
2005-11-13 04:53:00+00:00	2005-11-13 13:53:00+00:00	0 days 09:00:00
1966-10-06 18:00:00+00:00	1966-10-07 03:00:00+00:00	0 days 09:00:00
1966-11-22 15:00:00+00:00	1966-11-23 00:00:00+00:00	0 days 09:00:00
1966-08-24 18:00:00+00:00	1966-08-25 03:00:00+00:00	0 days 09:00:00
1966-10-29 18:00:00+00:00	1966-10-30 03:00:00+00:00	0 days 09:00:00
1966-05-20 18:00:00+00:00	1966-05-21 03:00:00+00:00	0 days 09:00:00
1966-03-30 18:00:00+00:00	1966-03-31 03:00:00+00:00	0 days 09:00:00
1968-12-30 18:00:00+00:00	1968-12-31 03:00:00+00:00	0 days 09:00:00
1967-01-22 15:00:00+00:00	1967-01-23 00:00:00+00:00	0 days 09:00:00
1967-01-27 18:00:00+00:00	1967-01-28 03:00:00+00:00	0 days 09:00:00
1967-03-22 18:00:00+00:00	1967-03-23 03:00:00+00:00	0 days 09:00:00
1965-12-19 18:00:00+00:00	1965-12-20 03:00:00+00:00	0 days 09:00:00
1967-09-16 18:00:00+00:00	1967-09-17 03:00:00+00:00	0 days 09:00:00
1967-09-19 15:00:00+00:00	1967-09-20 00:00:00+00:00	0 days 09:00:00
1967-09-23 18:00:00+00:00	1967-09-24 03:00:00+00:00	0 days 09:00:00
1968-12-31 18:00:00+00:00	1969-01-01 03:00:00+00:00	0 days 09:00:00
1967-10-13 12:00:00+00:00	1967-10-13 21:00:00+00:00	0 days 09:00:00
1968-12-23 18:00:00+00:00	1968-12-24 03:00:00+00:00	0 days 09:00:00
1995-11-08 07:00:00+00:00	1995-11-08 16:00:00+00:00	0 days 09:00:00
1967-11-11 18:00:00+00:00	1967-11-12 03:00:00+00:00	0 days 09:00:00
1968-01-06 18:00:00+00:00	1968-01-07 03:00:00+00:00	0 days 09:00:00
1966-03-12 18:00:00+00:00	1966-03-13 03:00:00+00:00	0 days 09:00:00
1966-03-13 18:00:00+00:00	1966-03-14 03:00:00+00:00	0 days 09:00:00
1965-06-06 18:00:00+00:00	1965-06-07 03:00:00+00:00	0 days 09:00:00
1965-01-28 18:00:00+00:00	1965-01-29 03:00:00+00:00	0 days 09:00:00
2002-06-18 14:53:00+00:00	2002-06-18 23:53:00+00:00	0 days 09:00:00
1965-06-20 18:00:00+00:00	1965-06-21 03:00:00+00:00	0 days 09:00:00
1980-10-07 16:00:00+00:00	1980-10-08 01:00:00+00:00	0 days 09:00:00
1965-08-30 18:00:00+00:00	1965-08-31 03:00:00+00:00	0 days 09:00:00
1965-10-11 18:00:00+00:00	1965-10-12 03:00:00+00:00	0 days 09:00:00
1965-06-11 18:00:00+00:00	1965-06-12 03:00:00+00:00	0 days 09:00:00
1965-12-04 18:00:00+00:00	1965-12-05 03:00:00+00:00	0 days 09:00:00
1965-06-05 18:00:00+00:00	1965-06-06 03:00:00+00:00	0 days 09:00:00
1984-03-05 21:00:00+00:00	1984-03-06 06:00:00+00:00	0 days 09:00:00
2003-05-21 20:53:00+00:00	2003-05-22 05:53:00+00:00	0 days 09:00:00
1996-06-30 23:00:00+00:00	1996-07-01 07:46:00+00:00	0 days 08:46:00
1997-12-16 04:47:00+00:00	1997-12-16 12:50:00+00:00	0 days 08:03:00
2003-03-18 22:53:00+00:00	2003-03-19 06:53:00+00:00	0 days 08:00:00
1982-08-30 14:00:00+00:00	1982-08-30 22:00:00+00:00	0 days 08:00:00
1987-09-29 05:00:00+00:00	1987-09-29 13:00:00+00:00	0 days 08:00:00
2005-01-05 05:53:00+00:00	2005-01-05 13:53:00+00:00	0 days 08:00:00
1982-02-19 07:00:00+00:00	1982-02-19 15:00:00+00:00	0 days 08:00:00
2001-06-29 06:53:00+00:00	2001-06-29 14:53:00+00:00	0 days 08:00:00
2004-01-22 12:53:00+00:00	2004-01-22 20:53:00+00:00	0 days 08:00:00
2000-12-14 20:53:00+00:00	2000-12-15 04:53:00+00:00	0 days 08:00:00
1986-08-25 05:00:00+00:00	1986-08-25 13:00:00+00:00	0 days 08:00:00
1976-04-24 21:00:00+00:00	1976-04-25 05:00:00+00:00	0 days 08:00:00
1986-11-08 07:00:00+00:00	1986-11-08 15:00:00+00:00	0 days 08:00:00
1983-06-05 06:00:00+00:00	1983-06-05 14:00:00+00:00	0 days 08:00:00
1997-05-04 22:46:00+00:00	1997-05-05 06:46:00+00:00	0 days 08:00:00
1993-10-29 11:00:00+00:00	1993-10-29 19:00:00+00:00	0 days 08:00:00
1981-01-26 10:00:00+00:00	1981-01-26 18:00:00+00:00	0 days 08:00:00
2003-12-25 20:39:00+00:00	2003-12-26 03:53:00+00:00	0 days 07:14:00
2001-12-01 06:53:00+00:00	2001-12-01 14:00:00+00:00	0 days 07:07:00
1992-03-23 08:00:00+00:00	1992-03-23 15:00:00+00:00	0 days 07:00:00
1983-08-06 01:00:00+00:00	1983-08-06 08:00:00+00:00	0 days 07:00:00
1997-09-06 03:47:00+00:00	1997-09-06 10:47:00+00:00	0 days 07:00:00
2003-05-21 04:53:00+00:00	2003-05-21 11:53:00+00:00	0 days 07:00:00
2000-07-21 06:53:00+00:00	2000-07-21 13:53:00+00:00	0 days 07:00:00
1979-12-10 15:00:00+00:00	1979-12-10 22:00:00+00:00	0 days 07:00:00
1984-09-18 16:00:00+00:00	1984-09-18 23:00:00+00:00	0 days 07:00:00
1998-11-01 15:53:00+00:00	1998-11-01 22:53:00+00:00	0 days 07:00:00
1986-12-27 07:00:00+00:00	1986-12-27 14:00:00+00:00	0 days 07:00:00
1986-03-19 07:00:00+00:00	1986-03-19 14:00:00+00:00	0 days 07:00:00
1987-05-22 00:00:00+00:00	1987-05-22 07:00:00+00:00	0 days 07:00:00
2001-10-22 05:53:00+00:00	2001-10-22 12:53:00+00:00	0 days 07:00:00
1986-03-12 07:00:00+00:00	1986-03-12 14:00:00+00:00	0 days 07:00:00
1996-03-30 07:00:00+00:00	1996-03-30 13:00:00+00:00	0 days 06:00:00
1968-05-07 18:00:00+00:00	1968-05-08 00:00:00+00:00	0 days 06:00:00
1968-08-14 15:00:00+00:00	1968-08-14 21:00:00+00:00	0 days 06:00:00
1978-03-11 05:00:00+00:00	1978-03-11 11:00:00+00:00	0 days 06:00:00
1986-07-01 06:00:00+00:00	1986-07-01 12:00:00+00:00	0 days 06:00:00
1994-10-10 07:00:00+00:00	1994-10-10 13:00:00+00:00	0 days 06:00:00
1986-07-12 14:00:00+00:00	1986-07-12 20:00:00+00:00	0 days 06:00:00
1983-03-17 12:00:00+00:00	1983-03-17 18:00:00+00:00	0 days 06:00:00
1981-11-12 21:00:00+00:00	1981-11-13 03:00:00+00:00	0 days 06:00:00
1968-11-19 18:00:00+00:00	1968-11-20 00:00:00+00:00	0 days 06:00:00
1968-11-29 12:00:00+00:00	1968-11-29 18:00:00+00:00	0 days 06:00:00
1968-12-01 12:00:00+00:00	1968-12-01 18:00:00+00:00	0 days 06:00:00
1986-08-29 07:00:00+00:00	1986-08-29 13:00:00+00:00	0 days 06:00:00
1986-08-30 07:00:00+00:00	1986-08-30 13:00:00+00:00	0 days 06:00:00
1987-10-02 06:00:00+00:00	1987-10-02 12:00:00+00:00	0 days 06:00:00
1994-10-02 07:00:00+00:00	1994-10-02 13:00:00+00:00	0 days 06:00:00
1980-01-28 09:00:00+00:00	1980-01-28 15:00:00+00:00	0 days 06:00:00
2004-10-31 20:53:00+00:00	2004-11-01 02:53:00+00:00	0 days 06:00:00
1984-06-30 05:00:00+00:00	1984-06-30 11:00:00+00:00	0 days 06:00:00
1973-08-06 16:00:00+00:00	1973-08-06 22:00:00+00:00	0 days 06:00:00
1973-05-23 15:00:00+00:00	1973-05-23 21:00:00+00:00	0 days 06:00:00
1981-01-27 15:00:00+00:00	1981-01-27 21:00:00+00:00	0 days 06:00:00
1975-06-30 16:00:00+00:00	1975-06-30 22:00:00+00:00	0 days 06:00:00
1983-10-12 18:00:00+00:00	1983-10-13 00:00:00+00:00	0 days 06:00:00
1976-11-14 01:00:00+00:00	1976-11-14 07:00:00+00:00	0 days 06:00:00
1985-02-10 02:00:00+00:00	1985-02-10 08:00:00+00:00	0 days 06:00:00
1983-09-14 05:00:00+00:00	1983-09-14 11:00:00+00:00	0 days 06:00:00
1983-08-19 04:00:00+00:00	1983-08-19 10:00:00+00:00	0 days 06:00:00
1986-10-26 07:00:00+00:00	1986-10-26 13:00:00+00:00	0 days 06:00:00
1994-06-11 23:00:00+00:00	1994-06-12 05:00:00+00:00	0 days 06:00:00
1984-03-29 04:00:00+00:00	1984-03-29 10:00:00+00:00	0 days 06:00:00
1968-04-28 18:00:00+00:00	1968-04-29 00:00:00+00:00	0 days 06:00:00
1986-05-24 19:00:00+00:00	1986-05-25 01:00:00+00:00	0 days 06:00:00
1999-01-21 23:53:00+00:00	1999-01-22 05:53:00+00:00	0 days 06:00:00
1965-02-04 18:00:00+00:00	1965-02-05 00:00:00+00:00	0 days 06:00:00
1967-07-10 18:00:00+00:00	1967-07-11 00:00:00+00:00	0 days 06:00:00
2002-06-21 05:53:00+00:00	2002-06-21 11:53:00+00:00	0 days 06:00:00
2002-04-11 04:53:00+00:00	2002-04-11 10:53:00+00:00	0 days 06:00:00
2002-04-05 08:53:00+00:00	2002-04-05 14:53:00+00:00	0 days 06:00:00
2001-10-07 01:53:00+00:00	2001-10-07 07:53:00+00:00	0 days 06:00:00
1967-05-23 18:00:00+00:00	1967-05-24 00:00:00+00:00	0 days 06:00:00
2001-09-20 07:53:00+00:00	2001-09-20 13:53:00+00:00	0 days 06:00:00
2001-05-14 14:53:00+00:00	2001-05-14 20:53:00+00:00	0 days 06:00:00
1967-01-01 18:00:00+00:00	1967-01-02 00:00:00+00:00	0 days 06:00:00
1966-11-18 21:00:00+00:00	1966-11-19 03:00:00+00:00	0 days 06:00:00
1966-09-03 21:00:00+00:00	1966-09-04 03:00:00+00:00	0 days 06:00:00
1966-08-13 18:00:00+00:00	1966-08-14 00:00:00+00:00	0 days 06:00:00
1966-05-13 21:00:00+00:00	1966-05-14 03:00:00+00:00	0 days 06:00:00
1966-05-01 21:00:00+00:00	1966-05-02 03:00:00+00:00	0 days 06:00:00
1965-12-06 18:00:00+00:00	1965-12-07 00:00:00+00:00	0 days 06:00:00
2000-08-21 06:53:00+00:00	2000-08-21 12:53:00+00:00	0 days 06:00:00
1966-03-01 12:00:00+00:00	1966-03-01 18:00:00+00:00	0 days 06:00:00
1966-03-21 18:00:00+00:00	1966-03-22 00:00:00+00:00	0 days 06:00:00
1966-03-15 18:00:00+00:00	1966-03-16 00:00:00+00:00	0 days 06:00:00
1966-03-01 18:00:00+00:00	1966-03-02 00:00:00+00:00	0 days 06:00:00
1999-09-29 06:53:00+00:00	1999-09-29 12:53:00+00:00	0 days 06:00:00
1966-03-11 21:00:00+00:00	1966-03-12 03:00:00+00:00	0 days 06:00:00
1968-01-14 21:00:00+00:00	1968-01-15 03:00:00+00:00	0 days 06:00:00
1999-01-25 07:53:00+00:00	1999-01-25 13:53:00+00:00	0 days 06:00:00
1966-03-09 18:00:00+00:00	1966-03-10 00:00:00+00:00	0 days 06:00:00
2002-07-27 00:53:00+00:00	2002-07-27 06:53:00+00:00	0 days 06:00:00
1966-03-08 18:00:00+00:00	1966-03-09 00:00:00+00:00	0 days 06:00:00
1967-09-26 18:00:00+00:00	1967-09-27 00:00:00+00:00	0 days 06:00:00
1967-11-09 18:00:00+00:00	1967-11-10 00:00:00+00:00	0 days 06:00:00
1968-01-13 18:00:00+00:00	1968-01-14 00:00:00+00:00	0 days 06:00:00
1967-11-03 18:00:00+00:00	1967-11-04 00:00:00+00:00	0 days 06:00:00
1965-01-30 18:00:00+00:00	1965-01-31 00:00:00+00:00	0 days 06:00:00
1968-01-05 18:00:00+00:00	1968-01-06 00:00:00+00:00	0 days 06:00:00
1967-10-31 18:00:00+00:00	1967-11-01 00:00:00+00:00	0 days 06:00:00
1967-09-17 18:00:00+00:00	1967-09-18 00:00:00+00:00	0 days 06:00:00
1967-10-06 15:00:00+00:00	1967-10-06 21:00:00+00:00	0 days 06:00:00
1967-11-20 06:00:00+00:00	1967-11-20 12:00:00+00:00	0 days 06:00:00
1967-11-08 15:00:00+00:00	1967-11-08 21:00:00+00:00	0 days 06:00:00
1967-11-04 21:00:00+00:00	1967-11-05 03:00:00+00:00	0 days 06:00:00
2000-12-11 00:00:00+00:00	2000-12-11 05:53:00+00:00	0 days 05:53:00
1986-12-28 09:00:00+00:00	1986-12-28 14:30:00+00:00	0 days 05:30:00
1998-08-14 19:53:00+00:00	1998-08-15 01:07:00+00:00	0 days 05:14:00
1982-02-22 18:00:00+00:00	1982-02-22 23:11:00+00:00	0 days 05:11:00
1998-01-13 02:50:00+00:00	1998-01-13 08:00:00+00:00	0 days 05:10:00
1978-12-16 04:00:00+00:00	1978-12-16 09:00:00+00:00	0 days 05:00:00
2004-09-09 07:53:00+00:00	2004-09-09 12:53:00+00:00	0 days 05:00:00
1980-01-12 06:00:00+00:00	1980-01-12 11:00:00+00:00	0 days 05:00:00
2015-10-26 08:53:00+00:00	2015-10-26 13:53:00+00:00	0 days 05:00:00
1982-10-16 11:00:00+00:00	1982-10-16 16:00:00+00:00	0 days 05:00:00
1999-09-13 10:53:00+00:00	1999-09-13 15:53:00+00:00	0 days 05:00:00
2003-05-14 03:53:00+00:00	2003-05-14 08:53:00+00:00	0 days 05:00:00
1985-11-07 05:00:00+00:00	1985-11-07 10:00:00+00:00	0 days 05:00:00
1979-10-16 11:00:00+00:00	1979-10-16 16:00:00+00:00	0 days 05:00:00
1985-10-03 09:00:00+00:00	1985-10-03 14:00:00+00:00	0 days 05:00:00
1999-10-02 10:53:00+00:00	1999-10-02 15:53:00+00:00	0 days 05:00:00
1982-02-25 06:00:00+00:00	1982-02-25 11:00:00+00:00	0 days 05:00:00
1983-08-22 04:00:00+00:00	1983-08-22 09:00:00+00:00	0 days 05:00:00
1984-12-07 20:00:00+00:00	1984-12-08 01:00:00+00:00	0 days 05:00:00
1980-07-01 04:00:00+00:00	1980-07-01 09:00:00+00:00	0 days 05:00:00
1999-02-15 17:53:00+00:00	1999-02-15 22:53:00+00:00	0 days 05:00:00
1983-10-30 08:00:00+00:00	1983-10-30 13:00:00+00:00	0 days 05:00:00
2003-02-07 15:53:00+00:00	2003-02-07 20:53:00+00:00	0 days 05:00:00
1981-11-03 05:00:00+00:00	1981-11-03 10:00:00+00:00	0 days 05:00:00
1984-02-09 07:00:00+00:00	1984-02-09 12:00:00+00:00	0 days 05:00:00
2002-05-13 22:53:00+00:00	2002-05-14 03:53:00+00:00	0 days 05:00:00
1983-06-06 15:00:00+00:00	1983-06-06 20:00:00+00:00	0 days 05:00:00
2002-03-26 09:53:00+00:00	2002-03-26 14:53:00+00:00	0 days 05:00:00
2001-11-30 23:53:00+00:00	2001-12-01 04:53:00+00:00	0 days 05:00:00
1984-06-26 15:00:00+00:00	1984-06-26 20:00:00+00:00	0 days 05:00:00
1980-10-06 17:00:00+00:00	1980-10-06 22:00:00+00:00	0 days 05:00:00
1984-06-28 05:00:00+00:00	1984-06-28 10:00:00+00:00	0 days 05:00:00
2003-03-19 13:53:00+00:00	2003-03-19 18:53:00+00:00	0 days 05:00:00
1980-10-08 14:00:00+00:00	1980-10-08 19:00:00+00:00	0 days 05:00:00
2003-05-10 05:53:00+00:00	2003-05-10 10:53:00+00:00	0 days 05:00:00
2015-10-25 01:53:00+00:00	2015-10-25 06:53:00+00:00	0 days 05:00:00
1981-12-14 17:00:00+00:00	1981-12-14 22:00:00+00:00	0 days 05:00:00
1982-10-29 15:00:00+00:00	1982-10-29 20:00:00+00:00	0 days 05:00:00
1982-10-26 00:00:00+00:00	1982-10-26 05:00:00+00:00	0 days 05:00:00
2004-10-27 19:53:00+00:00	2004-10-28 00:53:00+00:00	0 days 05:00:00
1996-06-28 16:00:00+00:00	1996-06-28 21:00:00+00:00	0 days 05:00:00
1988-02-05 10:00:00+00:00	1988-02-05 15:00:00+00:00	0 days 05:00:00
1998-11-15 15:53:00+00:00	1998-11-15 20:53:00+00:00	0 days 05:00:00
1974-11-04 10:00:00+00:00	1974-11-04 15:00:00+00:00	0 days 05:00:00
1973-06-12 09:00:00+00:00	1973-06-12 14:00:00+00:00	0 days 05:00:00
1987-12-17 04:00:00+00:00	1987-12-17 09:00:00+00:00	0 days 05:00:00
1975-10-15 14:00:00+00:00	1975-10-15 19:00:00+00:00	0 days 05:00:00
1988-11-08 23:00:00+00:00	1988-11-09 04:00:00+00:00	0 days 05:00:00
2007-04-26 06:53:00+00:00	2007-04-26 11:53:00+00:00	0 days 05:00:00
1973-09-20 06:00:00+00:00	1973-09-20 11:00:00+00:00	0 days 05:00:00
1986-12-31 09:00:00+00:00	1986-12-31 14:00:00+00:00	0 days 05:00:00
1990-03-06 21:00:00+00:00	1990-03-07 02:00:00+00:00	0 days 05:00:00
1976-09-05 16:00:00+00:00	1976-09-05 21:00:00+00:00	0 days 05:00:00
2005-09-21 02:53:00+00:00	2005-09-21 07:53:00+00:00	0 days 05:00:00
1995-02-28 22:00:00+00:00	1995-03-01 03:00:00+00:00	0 days 05:00:00
1996-03-28 20:00:00+00:00	1996-03-29 01:00:00+00:00	0 days 05:00:00
1973-09-20 16:00:00+00:00	1973-09-20 21:00:00+00:00	0 days 05:00:00
1973-12-08 10:00:00+00:00	1973-12-08 15:00:00+00:00	0 days 05:00:00
1973-11-05 08:00:00+00:00	1973-11-05 13:00:00+00:00	0 days 05:00:00
1996-09-12 06:47:00+00:00	1996-09-12 11:47:00+00:00	0 days 05:00:00
1996-03-11 16:00:00+00:00	1996-03-11 21:00:00+00:00	0 days 05:00:00
2007-12-19 09:53:00+00:00	2007-12-19 14:15:00+00:00	0 days 04:22:00
1974-01-19 14:00:00+00:00	1974-01-19 18:20:00+00:00	0 days 04:20:00
1986-05-14 05:00:00+00:00	1986-05-14 09:15:00+00:00	0 days 04:15:00
1980-01-11 10:00:00+00:00	1980-01-11 14:15:00+00:00	0 days 04:15:00
1997-02-14 04:47:00+00:00	1997-02-14 09:00:00+00:00	0 days 04:13:00
1997-07-27 06:48:00+00:00	1997-07-27 11:00:00+00:00	0 days 04:12:00
1986-09-18 09:00:00+00:00	1986-09-18 13:07:00+00:00	0 days 04:07:00
1976-10-15 01:00:00+00:00	1976-10-15 05:05:00+00:00	0 days 04:05:00
1996-10-22 09:50:00+00:00	1996-10-22 13:52:00+00:00	0 days 04:02:00
1997-09-13 08:47:00+00:00	1997-09-13 12:49:00+00:00	0 days 04:02:00
1997-04-30 08:45:00+00:00	1997-04-30 12:46:00+00:00	0 days 04:01:00
1981-09-25 09:00:00+00:00	1981-09-25 13:00:00+00:00	0 days 04:00:00
1977-12-16 02:00:00+00:00	1977-12-16 06:00:00+00:00	0 days 04:00:00
1973-06-25 09:00:00+00:00	1973-06-25 13:00:00+00:00	0 days 04:00:00
1973-05-16 11:00:00+00:00	1973-05-16 15:00:00+00:00	0 days 04:00:00
1973-04-18 00:00:00+00:00	1973-04-18 04:00:00+00:00	0 days 04:00:00
2010-12-01 16:53:00+00:00	2010-12-01 20:53:00+00:00	0 days 04:00:00
1982-01-25 00:00:00+00:00	1982-01-25 04:00:00+00:00	0 days 04:00:00
1981-12-17 16:00:00+00:00	1981-12-17 20:00:00+00:00	0 days 04:00:00
1945-09-26 08:00:00+00:00	1945-09-26 12:00:00+00:00	0 days 04:00:00
1945-09-26 04:00:00+00:00	1945-09-26 08:00:00+00:00	0 days 04:00:00
1973-01-24 19:00:00+00:00	1973-01-24 23:00:00+00:00	0 days 04:00:00
1980-11-20 17:00:00+00:00	1980-11-20 21:00:00+00:00	0 days 04:00:00
1973-12-13 01:00:00+00:00	1973-12-13 05:00:00+00:00	0 days 04:00:00
1976-05-18 18:00:00+00:00	1976-05-18 22:00:00+00:00	0 days 04:00:00
1978-01-27 09:00:00+00:00	1978-01-27 13:00:00+00:00	0 days 04:00:00
1976-11-13 07:00:00+00:00	1976-11-13 11:00:00+00:00	0 days 04:00:00
1978-03-15 18:00:00+00:00	1978-03-15 22:00:00+00:00	0 days 04:00:00
1978-05-13 03:00:00+00:00	1978-05-13 07:00:00+00:00	0 days 04:00:00
1978-06-03 16:00:00+00:00	1978-06-03 20:00:00+00:00	0 days 04:00:00
1976-09-28 05:00:00+00:00	1976-09-28 09:00:00+00:00	0 days 04:00:00
1978-06-05 19:00:00+00:00	1978-06-05 23:00:00+00:00	0 days 04:00:00
1978-09-30 06:00:00+00:00	1978-09-30 10:00:00+00:00	0 days 04:00:00
1979-03-21 00:00:00+00:00	1979-03-21 04:00:00+00:00	0 days 04:00:00
1979-09-06 08:00:00+00:00	1979-09-06 12:00:00+00:00	0 days 04:00:00
1976-07-21 18:00:00+00:00	1976-07-21 22:00:00+00:00	0 days 04:00:00
1976-06-01 14:00:00+00:00	1976-06-01 18:00:00+00:00	0 days 04:00:00
1976-03-17 23:00:00+00:00	1976-03-18 03:00:00+00:00	0 days 04:00:00
1974-03-13 09:00:00+00:00	1974-03-13 13:00:00+00:00	0 days 04:00:00
1976-03-16 18:00:00+00:00	1976-03-16 22:00:00+00:00	0 days 04:00:00
1975-10-14 18:00:00+00:00	1975-10-14 22:00:00+00:00	0 days 04:00:00
1980-03-07 20:00:00+00:00	1980-03-08 00:00:00+00:00	0 days 04:00:00
1975-09-30 15:00:00+00:00	1975-09-30 19:00:00+00:00	0 days 04:00:00
1980-08-15 19:00:00+00:00	1980-08-15 23:00:00+00:00	0 days 04:00:00
1975-09-07 08:00:00+00:00	1975-09-07 12:00:00+00:00	0 days 04:00:00
1980-08-16 17:00:00+00:00	1980-08-16 21:00:00+00:00	0 days 04:00:00
1974-12-06 17:00:00+00:00	1974-12-06 21:00:00+00:00	0 days 04:00:00
1980-11-07 19:00:00+00:00	1980-11-07 23:00:00+00:00	0 days 04:00:00
1977-08-16 13:00:00+00:00	1977-08-16 17:00:00+00:00	0 days 04:00:00
1974-08-24 15:00:00+00:00	1974-08-24 19:00:00+00:00	0 days 04:00:00
1974-04-21 10:00:00+00:00	1974-04-21 14:00:00+00:00	0 days 04:00:00
1982-01-02 08:00:00+00:00	1982-01-02 12:00:00+00:00	0 days 04:00:00
2003-09-09 11:53:00+00:00	2003-09-09 15:53:00+00:00	0 days 04:00:00
1982-01-27 21:00:00+00:00	1982-01-28 01:00:00+00:00	0 days 04:00:00
1987-09-08 18:00:00+00:00	1987-09-08 22:00:00+00:00	0 days 04:00:00
1994-12-28 03:00:00+00:00	1994-12-28 07:00:00+00:00	0 days 04:00:00
1994-12-18 05:00:00+00:00	1994-12-18 09:00:00+00:00	0 days 04:00:00
1994-10-30 07:00:00+00:00	1994-10-30 11:00:00+00:00	0 days 04:00:00
1994-10-09 09:00:00+00:00	1994-10-09 13:00:00+00:00	0 days 04:00:00
1982-07-15 15:00:00+00:00	1982-07-15 19:00:00+00:00	0 days 04:00:00
1993-11-28 07:00:00+00:00	1993-11-28 11:00:00+00:00	0 days 04:00:00
1993-08-14 08:00:00+00:00	1993-08-14 12:00:00+00:00	0 days 04:00:00
1992-06-21 04:00:00+00:00	1992-06-21 08:00:00+00:00	0 days 04:00:00
1991-04-10 10:00:00+00:00	1991-04-10 14:00:00+00:00	0 days 04:00:00
1991-02-13 08:00:00+00:00	1991-02-13 12:00:00+00:00	0 days 04:00:00
1990-06-18 15:00:00+00:00	1990-06-18 19:00:00+00:00	0 days 04:00:00
2004-01-14 18:53:00+00:00	2004-01-14 22:53:00+00:00	0 days 04:00:00
1990-04-12 08:00:00+00:00	1990-04-12 12:00:00+00:00	0 days 04:00:00
1990-03-06 00:00:00+00:00	1990-03-06 04:00:00+00:00	0 days 04:00:00
1989-03-10 08:00:00+00:00	1989-03-10 12:00:00+00:00	0 days 04:00:00
1989-01-23 19:00:00+00:00	1989-01-23 23:00:00+00:00	0 days 04:00:00
1988-12-23 16:00:00+00:00	1988-12-23 20:00:00+00:00	0 days 04:00:00
1988-11-02 09:00:00+00:00	1988-11-02 13:00:00+00:00	0 days 04:00:00
1988-10-24 06:00:00+00:00	1988-10-24 10:00:00+00:00	0 days 04:00:00
1988-08-10 09:00:00+00:00	1988-08-10 13:00:00+00:00	0 days 04:00:00
1988-08-05 05:00:00+00:00	1988-08-05 09:00:00+00:00	0 days 04:00:00
1988-07-08 01:00:00+00:00	1988-07-08 05:00:00+00:00	0 days 04:00:00
1987-10-13 10:00:00+00:00	1987-10-13 14:00:00+00:00	0 days 04:00:00
1987-10-10 00:00:00+00:00	1987-10-10 04:00:00+00:00	0 days 04:00:00
1987-10-01 14:00:00+00:00	1987-10-01 18:00:00+00:00	0 days 04:00:00
1995-10-26 13:00:00+00:00	1995-10-26 17:00:00+00:00	0 days 04:00:00
1996-01-07 08:00:00+00:00	1996-01-07 12:00:00+00:00	0 days 04:00:00
1996-02-04 08:00:00+00:00	1996-02-04 12:00:00+00:00	0 days 04:00:00
1999-12-21 20:53:00+00:00	1999-12-22 00:53:00+00:00	0 days 04:00:00
2003-05-28 00:53:00+00:00	2003-05-28 04:53:00+00:00	0 days 04:00:00
2003-05-10 11:53:00+00:00	2003-05-10 15:53:00+00:00	0 days 04:00:00
2003-02-24 16:53:00+00:00	2003-02-24 20:53:00+00:00	0 days 04:00:00
2003-01-08 09:53:00+00:00	2003-01-08 13:53:00+00:00	0 days 04:00:00
2002-12-08 01:53:00+00:00	2002-12-08 05:53:00+00:00	0 days 04:00:00
2003-10-13 00:53:00+00:00	2003-10-13 04:53:00+00:00	0 days 04:00:00
2002-09-04 14:53:00+00:00	2002-09-04 18:53:00+00:00	0 days 04:00:00
2002-08-02 08:53:00+00:00	2002-08-02 12:53:00+00:00	0 days 04:00:00
2002-07-15 03:53:00+00:00	2002-07-15 07:53:00+00:00	0 days 04:00:00
2001-05-17 19:53:00+00:00	2001-05-17 23:53:00+00:00	0 days 04:00:00
2001-05-13 20:53:00+00:00	2001-05-14 00:53:00+00:00	0 days 04:00:00
1999-10-18 09:53:00+00:00	1999-10-18 13:53:00+00:00	0 days 04:00:00
1996-05-07 20:00:00+00:00	1996-05-08 00:00:00+00:00	0 days 04:00:00
1999-05-11 09:53:00+00:00	1999-05-11 13:53:00+00:00	0 days 04:00:00
1999-02-12 12:53:00+00:00	1999-02-12 16:53:00+00:00	0 days 04:00:00
1999-01-11 07:53:00+00:00	1999-01-11 11:53:00+00:00	0 days 04:00:00
1998-09-09 00:53:00+00:00	1998-09-09 04:53:00+00:00	0 days 04:00:00
1998-09-02 06:53:00+00:00	1998-09-02 10:53:00+00:00	0 days 04:00:00
1998-08-16 16:53:00+00:00	1998-08-16 20:53:00+00:00	0 days 04:00:00
1998-01-26 04:47:00+00:00	1998-01-26 08:47:00+00:00	0 days 04:00:00
1997-10-29 08:46:00+00:00	1997-10-29 12:46:00+00:00	0 days 04:00:00
1996-07-09 08:47:00+00:00	1996-07-09 12:47:00+00:00	0 days 04:00:00
1996-06-09 20:00:00+00:00	1996-06-10 00:00:00+00:00	0 days 04:00:00
1996-06-01 09:00:00+00:00	1996-06-01 13:00:00+00:00	0 days 04:00:00
1987-09-08 22:00:00+00:00	1987-09-09 02:00:00+00:00	0 days 04:00:00
1994-09-20 08:00:00+00:00	1994-09-20 12:00:00+00:00	0 days 04:00:00
1986-01-16 08:00:00+00:00	1986-01-16 12:00:00+00:00	0 days 04:00:00
1986-03-04 09:00:00+00:00	1986-03-04 13:00:00+00:00	0 days 04:00:00
1983-03-01 07:00:00+00:00	1983-03-01 11:00:00+00:00	0 days 04:00:00
1983-04-04 10:00:00+00:00	1983-04-04 14:00:00+00:00	0 days 04:00:00
1983-07-24 12:00:00+00:00	1983-07-24 16:00:00+00:00	0 days 04:00:00
2003-08-15 01:53:00+00:00	2003-08-15 05:53:00+00:00	0 days 04:00:00
1985-12-20 06:00:00+00:00	1985-12-20 10:00:00+00:00	0 days 04:00:00
1985-09-26 10:00:00+00:00	1985-09-26 14:00:00+00:00	0 days 04:00:00
1983-12-04 19:00:00+00:00	1983-12-04 23:00:00+00:00	0 days 04:00:00
1984-02-01 18:00:00+00:00	1984-02-01 22:00:00+00:00	0 days 04:00:00
1984-02-14 20:00:00+00:00	1984-02-15 00:00:00+00:00	0 days 04:00:00
1984-06-06 17:00:00+00:00	1984-06-06 21:00:00+00:00	0 days 04:00:00
1984-08-17 01:00:00+00:00	1984-08-17 05:00:00+00:00	0 days 04:00:00
1984-08-28 23:00:00+00:00	1984-08-29 03:00:00+00:00	0 days 04:00:00
1984-08-29 03:00:00+00:00	1984-08-29 07:00:00+00:00	0 days 04:00:00
1984-09-02 09:00:00+00:00	1984-09-02 13:00:00+00:00	0 days 04:00:00
1984-09-29 06:00:00+00:00	1984-09-29 10:00:00+00:00	0 days 04:00:00
1984-11-24 00:00:00+00:00	1984-11-24 04:00:00+00:00	0 days 04:00:00
1987-08-19 10:00:00+00:00	1987-08-19 14:00:00+00:00	0 days 04:00:00
1984-12-20 07:00:00+00:00	1984-12-20 11:00:00+00:00	0 days 04:00:00
1985-01-02 02:00:00+00:00	1985-01-02 06:00:00+00:00	0 days 04:00:00
1985-01-08 15:00:00+00:00	1985-01-08 19:00:00+00:00	0 days 04:00:00
1985-02-13 05:00:00+00:00	1985-02-13 09:00:00+00:00	0 days 04:00:00
1985-05-31 07:00:00+00:00	1985-05-31 11:00:00+00:00	0 days 04:00:00
1985-06-16 09:00:00+00:00	1985-06-16 13:00:00+00:00	0 days 04:00:00
1986-02-26 07:00:00+00:00	1986-02-26 11:00:00+00:00	0 days 04:00:00
1986-02-22 01:00:00+00:00	1986-02-22 05:00:00+00:00	0 days 04:00:00
1986-03-23 06:00:00+00:00	1986-03-23 10:00:00+00:00	0 days 04:00:00
1986-11-16 11:00:00+00:00	1986-11-16 15:00:00+00:00	0 days 04:00:00
1987-07-30 07:00:00+00:00	1987-07-30 11:00:00+00:00	0 days 04:00:00
1987-06-08 16:00:00+00:00	1987-06-08 20:00:00+00:00	0 days 04:00:00
1987-04-16 10:00:00+00:00	1987-04-16 14:00:00+00:00	0 days 04:00:00
1987-03-28 11:00:00+00:00	1987-03-28 15:00:00+00:00	0 days 04:00:00
1987-02-14 08:00:00+00:00	1987-02-14 12:00:00+00:00	0 days 04:00:00
1987-02-13 09:00:00+00:00	1987-02-13 13:00:00+00:00	0 days 04:00:00
1987-02-11 00:00:00+00:00	1987-02-11 04:00:00+00:00	0 days 04:00:00
1987-01-22 23:00:00+00:00	1987-01-23 03:00:00+00:00	0 days 04:00:00
1987-01-03 12:00:00+00:00	1987-01-03 16:00:00+00:00	0 days 04:00:00
1986-12-17 08:00:00+00:00	1986-12-17 12:00:00+00:00	0 days 04:00:00
2004-06-25 08:53:00+00:00	2004-06-25 12:53:00+00:00	0 days 04:00:00
1985-07-13 14:00:00+00:00	1985-07-13 18:00:00+00:00	0 days 04:00:00
1986-08-31 02:00:00+00:00	1986-08-31 06:00:00+00:00	0 days 04:00:00
1986-08-23 09:00:00+00:00	1986-08-23 13:00:00+00:00	0 days 04:00:00
1986-04-27 09:00:00+00:00	1986-04-27 13:00:00+00:00	0 days 04:00:00
1986-09-29 10:00:00+00:00	1986-09-29 14:00:00+00:00	0 days 04:00:00
1986-09-24 09:00:00+00:00	1986-09-24 13:00:00+00:00	0 days 04:00:00
1986-05-25 07:00:00+00:00	1986-05-25 11:00:00+00:00	0 days 04:00:00
1986-07-03 08:00:00+00:00	1986-07-03 12:00:00+00:00	0 days 04:00:00
1986-09-22 22:00:00+00:00	1986-09-23 02:00:00+00:00	0 days 04:00:00
1996-12-14 08:47:00+00:00	1996-12-14 12:46:00+00:00	0 days 03:59:00
1997-09-20 00:49:00+00:00	1997-09-20 04:46:00+00:00	0 days 03:57:00
1996-11-20 04:50:00+00:00	1996-11-20 08:46:00+00:00	0 days 03:56:00
2000-12-01 19:53:00+00:00	2000-12-01 23:47:00+00:00	0 days 03:54:00
1996-08-21 05:53:00+00:00	1996-08-21 09:46:00+00:00	0 days 03:53:00
2005-06-19 18:00:00+00:00	2005-06-19 21:53:00+00:00	0 days 03:53:00
2000-02-11 02:29:00+00:00	2000-02-11 06:20:00+00:00	0 days 03:51:00
1998-01-13 08:00:00+00:00	1998-01-13 11:47:00+00:00	0 days 03:47:00
1986-05-14 09:15:00+00:00	1986-05-14 13:00:00+00:00	0 days 03:45:00
2002-06-19 12:08:00+00:00	2002-06-19 15:53:00+00:00	0 days 03:45:00
2003-06-22 14:13:00+00:00	2003-06-22 17:53:00+00:00	0 days 03:40:00
2004-01-16 13:00:00+00:00	2004-01-16 16:33:00+00:00	0 days 03:33:00
2003-10-16 10:53:00+00:00	2003-10-16 14:25:00+00:00	0 days 03:32:00
2005-10-03 10:53:00+00:00	2005-10-03 14:25:00+00:00	0 days 03:32:00
1986-02-05 06:00:00+00:00	1986-02-05 09:30:00+00:00	0 days 03:30:00
1984-12-19 17:33:00+00:00	1984-12-19 21:00:00+00:00	0 days 03:27:00
1997-09-11 03:47:00+00:00	1997-09-11 07:00:00+00:00	0 days 03:13:00
1997-10-24 03:47:00+00:00	1997-10-24 07:00:00+00:00	0 days 03:13:00
1997-03-21 15:47:00+00:00	1997-03-21 19:00:00+00:00	0 days 03:13:00
1998-05-03 17:47:00+00:00	1998-05-03 21:00:00+00:00	0 days 03:13:00
1987-06-03 10:00:00+00:00	1987-06-03 13:09:00+00:00	0 days 03:09:00
1998-03-20 03:51:00+00:00	1998-03-20 07:00:00+00:00	0 days 03:09:00
1997-12-19 03:47:00+00:00	1997-12-19 06:54:00+00:00	0 days 03:07:00
2004-01-02 15:53:00+00:00	2004-01-02 19:00:00+00:00	0 days 03:07:00
2005-06-19 14:53:00+00:00	2005-06-19 18:00:00+00:00	0 days 03:07:00
1998-06-29 11:53:00+00:00	1998-06-29 15:00:00+00:00	0 days 03:07:00
2000-12-01 23:47:00+00:00	2000-12-02 02:53:00+00:00	0 days 03:06:00
1998-04-29 03:47:00+00:00	1998-04-29 06:53:00+00:00	0 days 03:06:00
1997-01-29 08:46:00+00:00	1997-01-29 11:50:00+00:00	0 days 03:04:00
1997-02-27 22:46:00+00:00	1997-02-28 01:50:00+00:00	0 days 03:04:00
1997-12-09 18:46:00+00:00	1997-12-09 21:50:00+00:00	0 days 03:04:00
1998-04-23 06:47:00+00:00	1998-04-23 09:51:00+00:00	0 days 03:04:00
1996-09-18 08:46:00+00:00	1996-09-18 11:50:00+00:00	0 days 03:04:00
1997-07-22 05:47:00+00:00	1997-07-22 08:50:00+00:00	0 days 03:03:00
1997-06-16 20:47:00+00:00	1997-06-16 23:50:00+00:00	0 days 03:03:00
1996-07-19 05:47:00+00:00	1996-07-19 08:50:00+00:00	0 days 03:03:00
1996-08-09 04:47:00+00:00	1996-08-09 07:50:00+00:00	0 days 03:03:00
1998-03-30 01:47:00+00:00	1998-03-30 04:50:00+00:00	0 days 03:03:00
1998-02-12 03:47:00+00:00	1998-02-12 06:50:00+00:00	0 days 03:03:00
1998-01-22 04:47:00+00:00	1998-01-22 07:50:00+00:00	0 days 03:03:00
1997-01-28 03:47:00+00:00	1997-01-28 06:50:00+00:00	0 days 03:03:00
1996-11-24 21:47:00+00:00	1996-11-25 00:50:00+00:00	0 days 03:03:00
1996-09-24 17:47:00+00:00	1996-09-24 20:49:00+00:00	0 days 03:02:00
1996-08-25 09:47:00+00:00	1996-08-25 12:49:00+00:00	0 days 03:02:00
1997-05-28 17:48:00+00:00	1997-05-28 20:50:00+00:00	0 days 03:02:00
1997-09-19 20:46:00+00:00	1997-09-19 23:48:00+00:00	0 days 03:02:00
1996-11-16 12:46:00+00:00	1996-11-16 15:47:00+00:00	0 days 03:01:00
1997-02-17 09:47:00+00:00	1997-02-17 12:48:00+00:00	0 days 03:01:00
1996-08-18 08:46:00+00:00	1996-08-18 11:47:00+00:00	0 days 03:01:00
1997-12-16 16:46:00+00:00	1997-12-16 19:47:00+00:00	0 days 03:01:00
1997-06-08 15:50:00+00:00	1997-06-08 18:51:00+00:00	0 days 03:01:00
1998-05-02 22:47:00+00:00	1998-05-03 01:48:00+00:00	0 days 03:01:00
1998-01-31 03:46:00+00:00	1998-01-31 06:47:00+00:00	0 days 03:01:00
1997-11-28 13:49:00+00:00	1997-11-28 16:50:00+00:00	0 days 03:01:00
1997-05-03 03:47:00+00:00	1997-05-03 06:48:00+00:00	0 days 03:01:00
