#	KRIV	1933-01-01T15:00:00+00:00	2017-05-18T05:43:00+00:00
# Potentially problematic gaps: 1309
1941-08-01 07:00:00+00:00	1941-09-01 08:00:00+00:00	31 days 01:00:00
1937-01-13 06:00:00+00:00	1937-01-14 11:00:00+00:00	1 days 05:00:00
1935-12-31 18:00:00+00:00	1936-01-01 20:00:00+00:00	1 days 02:00:00
1999-01-09 23:00:00+00:00	1999-01-11 00:00:00+00:00	1 days 01:00:00
1937-12-31 07:00:00+00:00	1938-01-01 08:00:00+00:00	1 days 01:00:00
1933-01-07 23:00:00+00:00	1933-01-08 19:00:00+00:00	0 days 20:00:00
1998-08-15 20:00:00+00:00	1998-08-16 15:00:00+00:00	0 days 19:00:00
1933-03-07 23:00:00+00:00	1933-03-08 18:00:00+00:00	0 days 19:00:00
1934-03-10 23:00:00+00:00	1934-03-11 18:00:00+00:00	0 days 19:00:00
1935-09-10 23:00:00+00:00	1935-09-11 18:00:00+00:00	0 days 19:00:00
1936-02-08 23:00:00+00:00	1936-02-09 18:00:00+00:00	0 days 19:00:00
1936-01-24 23:00:00+00:00	1936-01-25 18:00:00+00:00	0 days 19:00:00
1935-01-28 23:00:00+00:00	1935-01-29 18:00:00+00:00	0 days 19:00:00
1935-12-25 23:00:00+00:00	1935-12-26 18:00:00+00:00	0 days 19:00:00
1935-11-10 23:00:00+00:00	1935-11-11 17:00:00+00:00	0 days 18:00:00
1935-11-26 23:00:00+00:00	1935-11-27 17:00:00+00:00	0 days 18:00:00
1934-10-25 23:00:00+00:00	1934-10-26 17:00:00+00:00	0 days 18:00:00
1935-09-06 23:00:00+00:00	1935-09-07 17:00:00+00:00	0 days 18:00:00
1935-09-05 23:00:00+00:00	1935-09-06 17:00:00+00:00	0 days 18:00:00
1935-09-04 23:00:00+00:00	1935-09-05 17:00:00+00:00	0 days 18:00:00
1934-05-14 23:00:00+00:00	1934-05-15 17:00:00+00:00	0 days 18:00:00
1934-03-14 23:00:00+00:00	1934-03-15 17:00:00+00:00	0 days 18:00:00
1934-03-13 23:00:00+00:00	1934-03-14 17:00:00+00:00	0 days 18:00:00
1934-03-12 23:00:00+00:00	1934-03-13 17:00:00+00:00	0 days 18:00:00
1933-08-11 23:00:00+00:00	1933-08-12 17:00:00+00:00	0 days 18:00:00
1935-01-15 23:00:00+00:00	1935-01-16 17:00:00+00:00	0 days 18:00:00
1934-03-06 23:00:00+00:00	1934-03-07 17:00:00+00:00	0 days 18:00:00
1933-10-13 23:00:00+00:00	1933-10-14 17:00:00+00:00	0 days 18:00:00
1935-08-04 23:00:00+00:00	1935-08-05 17:00:00+00:00	0 days 18:00:00
1935-08-01 23:00:00+00:00	1935-08-02 17:00:00+00:00	0 days 18:00:00
1935-09-11 23:00:00+00:00	1935-09-12 17:00:00+00:00	0 days 18:00:00
1935-07-27 23:00:00+00:00	1935-07-28 17:00:00+00:00	0 days 18:00:00
1934-06-01 23:00:00+00:00	1934-06-02 17:00:00+00:00	0 days 18:00:00
1935-07-25 23:00:00+00:00	1935-07-26 17:00:00+00:00	0 days 18:00:00
1934-12-03 23:00:00+00:00	1934-12-04 17:00:00+00:00	0 days 18:00:00
1935-07-24 23:00:00+00:00	1935-07-25 17:00:00+00:00	0 days 18:00:00
1935-07-22 23:00:00+00:00	1935-07-23 17:00:00+00:00	0 days 18:00:00
1935-07-20 23:00:00+00:00	1935-07-21 17:00:00+00:00	0 days 18:00:00
1934-09-13 23:00:00+00:00	1934-09-14 17:00:00+00:00	0 days 18:00:00
1934-09-12 23:00:00+00:00	1934-09-13 17:00:00+00:00	0 days 18:00:00
1933-10-16 23:00:00+00:00	1933-10-17 17:00:00+00:00	0 days 18:00:00
1933-10-17 23:00:00+00:00	1933-10-18 17:00:00+00:00	0 days 18:00:00
1935-07-04 23:00:00+00:00	1935-07-05 17:00:00+00:00	0 days 18:00:00
1933-03-23 23:00:00+00:00	1933-03-24 17:00:00+00:00	0 days 18:00:00
1935-11-20 23:00:00+00:00	1935-11-21 17:00:00+00:00	0 days 18:00:00
1935-09-15 23:00:00+00:00	1935-09-16 17:00:00+00:00	0 days 18:00:00
1934-11-24 23:00:00+00:00	1934-11-25 17:00:00+00:00	0 days 18:00:00
1935-12-23 23:00:00+00:00	1935-12-24 17:00:00+00:00	0 days 18:00:00
1933-07-15 23:00:00+00:00	1933-07-16 17:00:00+00:00	0 days 18:00:00
1933-07-14 23:00:00+00:00	1933-07-15 17:00:00+00:00	0 days 18:00:00
1933-07-13 23:00:00+00:00	1933-07-14 17:00:00+00:00	0 days 18:00:00
1936-01-03 23:00:00+00:00	1936-01-04 17:00:00+00:00	0 days 18:00:00
1935-11-06 23:00:00+00:00	1935-11-07 17:00:00+00:00	0 days 18:00:00
1936-01-11 23:00:00+00:00	1936-01-12 17:00:00+00:00	0 days 18:00:00
1935-10-26 23:00:00+00:00	1935-10-27 17:00:00+00:00	0 days 18:00:00
1934-11-20 23:00:00+00:00	1934-11-21 17:00:00+00:00	0 days 18:00:00
1933-08-30 22:00:00+00:00	1933-08-31 16:00:00+00:00	0 days 18:00:00
1934-03-28 23:00:00+00:00	1934-03-29 17:00:00+00:00	0 days 18:00:00
1936-01-21 23:00:00+00:00	1936-01-22 17:00:00+00:00	0 days 18:00:00
1936-01-22 23:00:00+00:00	1936-01-23 17:00:00+00:00	0 days 18:00:00
1935-10-20 23:00:00+00:00	1935-10-21 17:00:00+00:00	0 days 18:00:00
1936-01-26 23:00:00+00:00	1936-01-27 17:00:00+00:00	0 days 18:00:00
1935-01-05 23:00:00+00:00	1935-01-06 17:00:00+00:00	0 days 18:00:00
1933-06-24 23:00:00+00:00	1933-06-25 17:00:00+00:00	0 days 18:00:00
1933-06-23 23:00:00+00:00	1933-06-24 17:00:00+00:00	0 days 18:00:00
1933-06-22 23:00:00+00:00	1933-06-23 17:00:00+00:00	0 days 18:00:00
1936-02-05 23:00:00+00:00	1936-02-06 17:00:00+00:00	0 days 18:00:00
1935-01-02 23:00:00+00:00	1935-01-03 17:00:00+00:00	0 days 18:00:00
1935-11-13 23:00:00+00:00	1935-11-14 17:00:00+00:00	0 days 18:00:00
1934-04-26 23:00:00+00:00	1934-04-27 17:00:00+00:00	0 days 18:00:00
1935-06-24 23:00:00+00:00	1935-06-25 17:00:00+00:00	0 days 18:00:00
1935-11-15 23:00:00+00:00	1935-11-16 17:00:00+00:00	0 days 18:00:00
1935-12-15 23:00:00+00:00	1935-12-16 17:00:00+00:00	0 days 18:00:00
1935-09-23 23:00:00+00:00	1935-09-24 17:00:00+00:00	0 days 18:00:00
1935-09-22 23:00:00+00:00	1935-09-23 17:00:00+00:00	0 days 18:00:00
1934-11-25 23:00:00+00:00	1934-11-26 17:00:00+00:00	0 days 18:00:00
1935-09-27 23:00:00+00:00	1935-09-28 17:00:00+00:00	0 days 18:00:00
1935-03-27 23:00:00+00:00	1935-03-28 17:00:00+00:00	0 days 18:00:00
1935-06-23 23:00:00+00:00	1935-06-24 17:00:00+00:00	0 days 18:00:00
1933-03-02 23:00:00+00:00	1933-03-03 17:00:00+00:00	0 days 18:00:00
1933-02-28 23:00:00+00:00	1933-03-01 17:00:00+00:00	0 days 18:00:00
1933-02-26 23:00:00+00:00	1933-02-27 17:00:00+00:00	0 days 18:00:00
1933-02-25 23:00:00+00:00	1933-02-26 17:00:00+00:00	0 days 18:00:00
1934-08-23 23:00:00+00:00	1934-08-24 17:00:00+00:00	0 days 18:00:00
1933-02-22 23:00:00+00:00	1933-02-23 17:00:00+00:00	0 days 18:00:00
1933-02-21 23:00:00+00:00	1933-02-22 17:00:00+00:00	0 days 18:00:00
1934-08-21 23:00:00+00:00	1934-08-22 17:00:00+00:00	0 days 18:00:00
1933-11-14 23:00:00+00:00	1933-11-15 17:00:00+00:00	0 days 18:00:00
1933-11-16 23:00:00+00:00	1933-11-17 17:00:00+00:00	0 days 18:00:00
1933-02-14 23:00:00+00:00	1933-02-15 17:00:00+00:00	0 days 18:00:00
1933-02-13 23:00:00+00:00	1933-02-14 17:00:00+00:00	0 days 18:00:00
1934-08-16 23:00:00+00:00	1934-08-17 17:00:00+00:00	0 days 18:00:00
1933-11-18 23:00:00+00:00	1933-11-19 17:00:00+00:00	0 days 18:00:00
1933-11-21 23:00:00+00:00	1933-11-22 17:00:00+00:00	0 days 18:00:00
1935-05-22 23:00:00+00:00	1935-05-23 17:00:00+00:00	0 days 18:00:00
1934-02-11 23:00:00+00:00	1934-02-12 17:00:00+00:00	0 days 18:00:00
1933-01-31 23:00:00+00:00	1933-02-01 17:00:00+00:00	0 days 18:00:00
1934-08-06 23:00:00+00:00	1934-08-07 17:00:00+00:00	0 days 18:00:00
1935-02-17 23:00:00+00:00	1935-02-18 17:00:00+00:00	0 days 18:00:00
1934-02-04 23:00:00+00:00	1934-02-05 17:00:00+00:00	0 days 18:00:00
1933-01-24 23:00:00+00:00	1933-01-25 17:00:00+00:00	0 days 18:00:00
1934-08-01 23:00:00+00:00	1934-08-02 17:00:00+00:00	0 days 18:00:00
1935-02-27 23:00:00+00:00	1935-02-28 17:00:00+00:00	0 days 18:00:00
1934-01-28 23:00:00+00:00	1934-01-29 17:00:00+00:00	0 days 18:00:00
1935-04-18 23:00:00+00:00	1935-04-19 17:00:00+00:00	0 days 18:00:00
1934-01-15 23:00:00+00:00	1934-01-16 17:00:00+00:00	0 days 18:00:00
1934-01-03 23:00:00+00:00	1934-01-04 17:00:00+00:00	0 days 18:00:00
1934-01-05 23:00:00+00:00	1934-01-06 17:00:00+00:00	0 days 18:00:00
1935-03-25 23:00:00+00:00	1935-03-26 17:00:00+00:00	0 days 18:00:00
1933-03-01 23:00:00+00:00	1933-03-02 17:00:00+00:00	0 days 18:00:00
1935-03-26 23:00:00+00:00	1935-03-27 17:00:00+00:00	0 days 18:00:00
1934-02-16 23:00:00+00:00	1934-02-17 17:00:00+00:00	0 days 18:00:00
1933-03-06 23:00:00+00:00	1933-03-07 17:00:00+00:00	0 days 18:00:00
1934-02-17 23:00:00+00:00	1934-02-18 17:00:00+00:00	0 days 18:00:00
1933-11-07 23:00:00+00:00	1933-11-08 17:00:00+00:00	0 days 18:00:00
1935-06-19 23:00:00+00:00	1935-06-20 17:00:00+00:00	0 days 18:00:00
1933-11-08 23:00:00+00:00	1933-11-09 17:00:00+00:00	0 days 18:00:00
1933-11-10 23:00:00+00:00	1933-11-11 17:00:00+00:00	0 days 18:00:00
1933-08-25 23:00:00+00:00	1933-08-26 16:00:00+00:00	0 days 17:00:00
1934-03-30 23:00:00+00:00	1934-03-31 16:00:00+00:00	0 days 17:00:00
1935-02-26 23:00:00+00:00	1935-02-27 16:00:00+00:00	0 days 17:00:00
1933-08-27 23:00:00+00:00	1933-08-28 16:00:00+00:00	0 days 17:00:00
1934-02-01 23:00:00+00:00	1934-02-02 16:00:00+00:00	0 days 17:00:00
1933-08-28 23:00:00+00:00	1933-08-29 16:00:00+00:00	0 days 17:00:00
1933-08-23 23:00:00+00:00	1933-08-24 16:00:00+00:00	0 days 17:00:00
1933-10-20 23:00:00+00:00	1933-10-21 16:00:00+00:00	0 days 17:00:00
1935-11-03 23:00:00+00:00	1935-11-04 16:00:00+00:00	0 days 17:00:00
1934-03-29 23:00:00+00:00	1934-03-30 16:00:00+00:00	0 days 17:00:00
1935-02-25 23:00:00+00:00	1935-02-26 16:00:00+00:00	0 days 17:00:00
1933-10-19 23:00:00+00:00	1933-10-20 16:00:00+00:00	0 days 17:00:00
1934-03-27 23:00:00+00:00	1934-03-28 16:00:00+00:00	0 days 17:00:00
1935-11-05 23:00:00+00:00	1935-11-06 16:00:00+00:00	0 days 17:00:00
1935-10-21 23:00:00+00:00	1935-10-22 16:00:00+00:00	0 days 17:00:00
1933-10-18 23:00:00+00:00	1933-10-19 16:00:00+00:00	0 days 17:00:00
1935-02-15 23:00:00+00:00	1935-02-16 16:00:00+00:00	0 days 17:00:00
1934-03-26 23:00:00+00:00	1934-03-27 16:00:00+00:00	0 days 17:00:00
1934-02-10 23:00:00+00:00	1934-02-11 16:00:00+00:00	0 days 17:00:00
1933-09-04 23:00:00+00:00	1933-09-05 16:00:00+00:00	0 days 17:00:00
1933-09-05 23:00:00+00:00	1933-09-06 16:00:00+00:00	0 days 17:00:00
1935-10-15 23:00:00+00:00	1935-10-16 16:00:00+00:00	0 days 17:00:00
1933-10-15 23:00:00+00:00	1933-10-16 16:00:00+00:00	0 days 17:00:00
1935-05-18 23:00:00+00:00	1935-05-19 16:00:00+00:00	0 days 17:00:00
1935-10-09 23:00:00+00:00	1935-10-10 16:00:00+00:00	0 days 17:00:00
1935-10-08 23:00:00+00:00	1935-10-09 16:00:00+00:00	0 days 17:00:00
1935-11-04 23:00:00+00:00	1935-11-05 16:00:00+00:00	0 days 17:00:00
1935-02-28 23:00:00+00:00	1935-03-01 16:00:00+00:00	0 days 17:00:00
1933-10-21 23:00:00+00:00	1933-10-22 16:00:00+00:00	0 days 17:00:00
1933-08-17 23:00:00+00:00	1933-08-18 16:00:00+00:00	0 days 17:00:00
1935-06-27 23:00:00+00:00	1935-06-28 16:00:00+00:00	0 days 17:00:00
1933-11-03 23:00:00+00:00	1933-11-04 16:00:00+00:00	0 days 17:00:00
1934-04-11 23:00:00+00:00	1934-04-12 16:00:00+00:00	0 days 17:00:00
1934-04-10 23:00:00+00:00	1934-04-11 16:00:00+00:00	0 days 17:00:00
1935-03-22 23:00:00+00:00	1935-03-23 16:00:00+00:00	0 days 17:00:00
1934-04-09 23:00:00+00:00	1934-04-10 16:00:00+00:00	0 days 17:00:00
1934-04-08 23:00:00+00:00	1934-04-09 16:00:00+00:00	0 days 17:00:00
1935-04-02 23:00:00+00:00	1935-04-03 16:00:00+00:00	0 days 17:00:00
1935-06-20 23:00:00+00:00	1935-06-21 16:00:00+00:00	0 days 17:00:00
1933-08-14 23:00:00+00:00	1933-08-15 16:00:00+00:00	0 days 17:00:00
1935-04-04 23:00:00+00:00	1935-04-05 16:00:00+00:00	0 days 17:00:00
1934-04-07 23:00:00+00:00	1934-04-08 16:00:00+00:00	0 days 17:00:00
1934-04-06 23:00:00+00:00	1934-04-07 16:00:00+00:00	0 days 17:00:00
1935-07-03 23:00:00+00:00	1935-07-04 16:00:00+00:00	0 days 17:00:00
1935-05-21 23:00:00+00:00	1935-05-22 16:00:00+00:00	0 days 17:00:00
1934-04-05 23:00:00+00:00	1934-04-06 16:00:00+00:00	0 days 17:00:00
1935-04-10 23:00:00+00:00	1935-04-11 16:00:00+00:00	0 days 17:00:00
1934-04-04 23:00:00+00:00	1934-04-05 16:00:00+00:00	0 days 17:00:00
1935-04-11 23:00:00+00:00	1935-04-12 16:00:00+00:00	0 days 17:00:00
1935-11-11 23:00:00+00:00	1935-11-12 16:00:00+00:00	0 days 17:00:00
1935-04-12 23:00:00+00:00	1935-04-13 16:00:00+00:00	0 days 17:00:00
1935-04-17 23:00:00+00:00	1935-04-18 16:00:00+00:00	0 days 17:00:00
1934-04-03 23:00:00+00:00	1934-04-04 16:00:00+00:00	0 days 17:00:00
1935-11-07 23:00:00+00:00	1935-11-08 16:00:00+00:00	0 days 17:00:00
1935-04-19 23:00:00+00:00	1935-04-20 16:00:00+00:00	0 days 17:00:00
1934-01-26 23:00:00+00:00	1934-01-27 16:00:00+00:00	0 days 17:00:00
1933-10-22 23:00:00+00:00	1933-10-23 16:00:00+00:00	0 days 17:00:00
1934-01-31 23:00:00+00:00	1934-02-01 16:00:00+00:00	0 days 17:00:00
1934-03-19 23:00:00+00:00	1934-03-20 16:00:00+00:00	0 days 17:00:00
1935-06-09 23:00:00+00:00	1935-06-10 16:00:00+00:00	0 days 17:00:00
1935-08-02 23:00:00+00:00	1935-08-03 16:00:00+00:00	0 days 17:00:00
1935-08-21 23:00:00+00:00	1935-08-22 16:00:00+00:00	0 days 17:00:00
1935-06-12 23:00:00+00:00	1935-06-13 16:00:00+00:00	0 days 17:00:00
1935-06-06 23:00:00+00:00	1935-06-07 16:00:00+00:00	0 days 17:00:00
1933-09-19 23:00:00+00:00	1933-09-20 16:00:00+00:00	0 days 17:00:00
1935-09-02 23:00:00+00:00	1935-09-03 16:00:00+00:00	0 days 17:00:00
1933-09-20 23:00:00+00:00	1933-09-21 16:00:00+00:00	0 days 17:00:00
1933-09-21 23:00:00+00:00	1933-09-22 16:00:00+00:00	0 days 17:00:00
1934-03-15 23:00:00+00:00	1934-03-16 16:00:00+00:00	0 days 17:00:00
1935-08-29 23:00:00+00:00	1935-08-30 16:00:00+00:00	0 days 17:00:00
1935-08-28 23:00:00+00:00	1935-08-29 16:00:00+00:00	0 days 17:00:00
1935-06-11 23:00:00+00:00	1935-06-12 16:00:00+00:00	0 days 17:00:00
1935-06-07 23:00:00+00:00	1935-06-08 16:00:00+00:00	0 days 17:00:00
1935-07-26 23:00:00+00:00	1935-07-27 16:00:00+00:00	0 days 17:00:00
1934-03-09 23:00:00+00:00	1934-03-10 16:00:00+00:00	0 days 17:00:00
1935-08-18 23:00:00+00:00	1935-08-19 16:00:00+00:00	0 days 17:00:00
1935-09-07 23:00:00+00:00	1935-09-08 16:00:00+00:00	0 days 17:00:00
1935-08-17 23:00:00+00:00	1935-08-18 16:00:00+00:00	0 days 17:00:00
1935-07-28 23:00:00+00:00	1935-07-29 16:00:00+00:00	0 days 17:00:00
1935-06-08 23:00:00+00:00	1935-06-09 16:00:00+00:00	0 days 17:00:00
1934-03-04 23:00:00+00:00	1934-03-05 16:00:00+00:00	0 days 17:00:00
1935-08-08 23:00:00+00:00	1935-08-09 16:00:00+00:00	0 days 17:00:00
1935-11-30 23:00:00+00:00	1935-12-01 16:00:00+00:00	0 days 17:00:00
1935-08-07 23:00:00+00:00	1935-08-08 16:00:00+00:00	0 days 17:00:00
1935-08-06 23:00:00+00:00	1935-08-07 16:00:00+00:00	0 days 17:00:00
1935-07-29 23:00:00+00:00	1935-07-30 16:00:00+00:00	0 days 17:00:00
1933-10-14 23:00:00+00:00	1933-10-15 16:00:00+00:00	0 days 17:00:00
1935-07-30 23:00:00+00:00	1935-07-31 16:00:00+00:00	0 days 17:00:00
1935-07-31 23:00:00+00:00	1935-08-01 16:00:00+00:00	0 days 17:00:00
1935-08-03 23:00:00+00:00	1935-08-04 16:00:00+00:00	0 days 17:00:00
1933-11-13 23:00:00+00:00	1933-11-14 16:00:00+00:00	0 days 17:00:00
1935-06-13 23:00:00+00:00	1935-06-14 16:00:00+00:00	0 days 17:00:00
1935-10-04 23:00:00+00:00	1935-10-05 16:00:00+00:00	0 days 17:00:00
1935-07-18 23:00:00+00:00	1935-07-19 16:00:00+00:00	0 days 17:00:00
1935-02-10 23:00:00+00:00	1935-02-11 16:00:00+00:00	0 days 17:00:00
1935-10-03 23:00:00+00:00	1935-10-04 16:00:00+00:00	0 days 17:00:00
1933-11-23 23:00:00+00:00	1933-11-24 16:00:00+00:00	0 days 17:00:00
1935-10-02 23:00:00+00:00	1935-10-03 16:00:00+00:00	0 days 17:00:00
1935-09-29 23:00:00+00:00	1935-09-30 16:00:00+00:00	0 days 17:00:00
1935-09-28 23:00:00+00:00	1935-09-29 16:00:00+00:00	0 days 17:00:00
1935-02-09 23:00:00+00:00	1935-02-10 16:00:00+00:00	0 days 17:00:00
1935-07-16 23:00:00+00:00	1935-07-17 16:00:00+00:00	0 days 17:00:00
1935-09-26 23:00:00+00:00	1935-09-27 16:00:00+00:00	0 days 17:00:00
1935-02-08 23:00:00+00:00	1935-02-09 16:00:00+00:00	0 days 17:00:00
1935-09-25 23:00:00+00:00	1935-09-26 16:00:00+00:00	0 days 17:00:00
1933-09-17 23:00:00+00:00	1933-09-18 16:00:00+00:00	0 days 17:00:00
1935-07-17 23:00:00+00:00	1935-07-18 16:00:00+00:00	0 days 17:00:00
1933-11-17 23:00:00+00:00	1933-11-18 16:00:00+00:00	0 days 17:00:00
1935-09-08 23:00:00+00:00	1935-09-09 16:00:00+00:00	0 days 17:00:00
1933-10-31 23:00:00+00:00	1933-11-01 16:00:00+00:00	0 days 17:00:00
1935-09-20 23:00:00+00:00	1935-09-21 16:00:00+00:00	0 days 17:00:00
1935-07-19 23:00:00+00:00	1935-07-20 16:00:00+00:00	0 days 17:00:00
1935-09-18 23:00:00+00:00	1935-09-19 16:00:00+00:00	0 days 17:00:00
1935-09-17 23:00:00+00:00	1935-09-18 16:00:00+00:00	0 days 17:00:00
1935-09-16 23:00:00+00:00	1935-09-17 16:00:00+00:00	0 days 17:00:00
1935-06-14 23:00:00+00:00	1935-06-15 16:00:00+00:00	0 days 17:00:00
1935-09-14 23:00:00+00:00	1935-09-15 16:00:00+00:00	0 days 17:00:00
1935-09-13 23:00:00+00:00	1935-09-14 16:00:00+00:00	0 days 17:00:00
1935-09-12 23:00:00+00:00	1935-09-13 16:00:00+00:00	0 days 17:00:00
1935-07-21 23:00:00+00:00	1935-07-22 16:00:00+00:00	0 days 17:00:00
1933-11-15 23:00:00+00:00	1933-11-16 16:00:00+00:00	0 days 17:00:00
1935-09-09 23:00:00+00:00	1935-09-10 16:00:00+00:00	0 days 17:00:00
1935-09-21 23:00:00+00:00	1935-09-22 16:00:00+00:00	0 days 17:00:00
1935-07-23 23:00:00+00:00	1935-07-24 16:00:00+00:00	0 days 17:00:00
1934-09-27 23:00:00+00:00	1934-09-28 16:00:00+00:00	0 days 17:00:00
1933-05-01 23:00:00+00:00	1933-05-02 16:00:00+00:00	0 days 17:00:00
1934-05-27 23:00:00+00:00	1934-05-28 16:00:00+00:00	0 days 17:00:00
1934-05-29 23:00:00+00:00	1934-05-30 16:00:00+00:00	0 days 17:00:00
1934-09-29 23:00:00+00:00	1934-09-30 16:00:00+00:00	0 days 17:00:00
1934-09-28 23:00:00+00:00	1934-09-29 16:00:00+00:00	0 days 17:00:00
1934-09-26 23:00:00+00:00	1934-09-27 16:00:00+00:00	0 days 17:00:00
1934-09-25 23:00:00+00:00	1934-09-26 16:00:00+00:00	0 days 17:00:00
1933-04-12 23:00:00+00:00	1933-04-13 16:00:00+00:00	0 days 17:00:00
1933-04-02 23:00:00+00:00	1933-04-03 16:00:00+00:00	0 days 17:00:00
1934-09-11 23:00:00+00:00	1934-09-12 16:00:00+00:00	0 days 17:00:00
1933-03-30 23:00:00+00:00	1933-03-31 16:00:00+00:00	0 days 17:00:00
1933-03-26 23:00:00+00:00	1933-03-27 16:00:00+00:00	0 days 17:00:00
1934-09-06 23:00:00+00:00	1934-09-07 16:00:00+00:00	0 days 17:00:00
1933-03-24 23:00:00+00:00	1933-03-25 16:00:00+00:00	0 days 17:00:00
1933-03-21 23:00:00+00:00	1933-03-22 16:00:00+00:00	0 days 17:00:00
1933-03-19 23:00:00+00:00	1933-03-20 16:00:00+00:00	0 days 17:00:00
1933-04-30 23:00:00+00:00	1933-05-01 16:00:00+00:00	0 days 17:00:00
1934-05-21 23:00:00+00:00	1934-05-22 16:00:00+00:00	0 days 17:00:00
1934-09-01 23:00:00+00:00	1934-09-02 16:00:00+00:00	0 days 17:00:00
1933-05-03 23:00:00+00:00	1933-05-04 16:00:00+00:00	0 days 17:00:00
1934-10-30 23:00:00+00:00	1934-10-31 16:00:00+00:00	0 days 17:00:00
1934-10-28 23:00:00+00:00	1934-10-29 16:00:00+00:00	0 days 17:00:00
1933-05-26 23:00:00+00:00	1933-05-27 16:00:00+00:00	0 days 17:00:00
1934-05-07 23:00:00+00:00	1934-05-08 16:00:00+00:00	0 days 17:00:00
1934-10-24 23:00:00+00:00	1934-10-25 16:00:00+00:00	0 days 17:00:00
1934-05-09 23:00:00+00:00	1934-05-10 16:00:00+00:00	0 days 17:00:00
1934-10-22 23:00:00+00:00	1934-10-23 16:00:00+00:00	0 days 17:00:00
1933-05-18 23:00:00+00:00	1933-05-19 16:00:00+00:00	0 days 17:00:00
1934-05-13 23:00:00+00:00	1934-05-14 16:00:00+00:00	0 days 17:00:00
1933-05-14 23:00:00+00:00	1933-05-15 16:00:00+00:00	0 days 17:00:00
1934-05-15 23:00:00+00:00	1934-05-16 16:00:00+00:00	0 days 17:00:00
1934-05-20 23:00:00+00:00	1934-05-21 16:00:00+00:00	0 days 17:00:00
1933-05-06 23:00:00+00:00	1933-05-07 16:00:00+00:00	0 days 17:00:00
1934-10-10 23:00:00+00:00	1934-10-11 16:00:00+00:00	0 days 17:00:00
1934-10-09 23:00:00+00:00	1934-10-10 16:00:00+00:00	0 days 17:00:00
1933-03-17 23:00:00+00:00	1933-03-18 16:00:00+00:00	0 days 17:00:00
1934-08-31 23:00:00+00:00	1934-09-01 16:00:00+00:00	0 days 17:00:00
1934-11-03 23:00:00+00:00	1934-11-04 16:00:00+00:00	0 days 17:00:00
1934-08-10 23:00:00+00:00	1934-08-11 16:00:00+00:00	0 days 17:00:00
1934-08-05 23:00:00+00:00	1934-08-06 16:00:00+00:00	0 days 17:00:00
1934-08-04 23:00:00+00:00	1934-08-05 16:00:00+00:00	0 days 17:00:00
1933-01-25 23:00:00+00:00	1933-01-26 16:00:00+00:00	0 days 17:00:00
1934-08-02 23:00:00+00:00	1934-08-03 16:00:00+00:00	0 days 17:00:00
1934-06-28 23:00:00+00:00	1934-06-29 16:00:00+00:00	0 days 17:00:00
1934-06-29 23:00:00+00:00	1934-06-30 16:00:00+00:00	0 days 17:00:00
1934-07-01 23:00:00+00:00	1934-07-02 16:00:00+00:00	0 days 17:00:00
1934-07-26 23:00:00+00:00	1934-07-27 16:00:00+00:00	0 days 17:00:00
1934-07-25 23:00:00+00:00	1934-07-26 16:00:00+00:00	0 days 17:00:00
1933-01-11 23:00:00+00:00	1933-01-12 16:00:00+00:00	0 days 17:00:00
1934-07-05 23:00:00+00:00	1934-07-06 16:00:00+00:00	0 days 17:00:00
1933-01-09 23:00:00+00:00	1933-01-10 16:00:00+00:00	0 days 17:00:00
1934-07-06 23:00:00+00:00	1934-07-07 16:00:00+00:00	0 days 17:00:00
1934-07-10 23:00:00+00:00	1934-07-11 16:00:00+00:00	0 days 17:00:00
1934-07-11 23:00:00+00:00	1934-07-12 16:00:00+00:00	0 days 17:00:00
1934-08-09 23:00:00+00:00	1934-08-10 16:00:00+00:00	0 days 17:00:00
1934-08-11 23:00:00+00:00	1934-08-12 16:00:00+00:00	0 days 17:00:00
1933-03-13 23:00:00+00:00	1933-03-14 16:00:00+00:00	0 days 17:00:00
1934-08-12 23:00:00+00:00	1934-08-13 16:00:00+00:00	0 days 17:00:00
1934-08-30 23:00:00+00:00	1934-08-31 16:00:00+00:00	0 days 17:00:00
1934-08-28 23:00:00+00:00	1934-08-29 16:00:00+00:00	0 days 17:00:00
1934-08-27 23:00:00+00:00	1934-08-28 16:00:00+00:00	0 days 17:00:00
1934-08-26 23:00:00+00:00	1934-08-27 16:00:00+00:00	0 days 17:00:00
1933-03-05 23:00:00+00:00	1933-03-06 16:00:00+00:00	0 days 17:00:00
1934-08-25 23:00:00+00:00	1934-08-26 16:00:00+00:00	0 days 17:00:00
1933-02-27 23:00:00+00:00	1933-02-28 16:00:00+00:00	0 days 17:00:00
1933-02-20 23:00:00+00:00	1933-02-21 16:00:00+00:00	0 days 17:00:00
1934-08-19 23:00:00+00:00	1934-08-20 16:00:00+00:00	0 days 17:00:00
1933-02-15 23:00:00+00:00	1933-02-16 16:00:00+00:00	0 days 17:00:00
1934-08-17 23:00:00+00:00	1934-08-18 16:00:00+00:00	0 days 17:00:00
1933-02-10 23:00:00+00:00	1933-02-11 16:00:00+00:00	0 days 17:00:00
1934-08-15 23:00:00+00:00	1934-08-16 16:00:00+00:00	0 days 17:00:00
1934-08-14 23:00:00+00:00	1934-08-15 16:00:00+00:00	0 days 17:00:00
1933-02-07 23:00:00+00:00	1933-02-08 16:00:00+00:00	0 days 17:00:00
1934-11-02 23:00:00+00:00	1934-11-03 16:00:00+00:00	0 days 17:00:00
1935-11-27 23:00:00+00:00	1935-11-28 16:00:00+00:00	0 days 17:00:00
1934-11-04 23:00:00+00:00	1934-11-05 16:00:00+00:00	0 days 17:00:00
1933-06-25 23:00:00+00:00	1933-06-26 16:00:00+00:00	0 days 17:00:00
1934-11-22 23:00:00+00:00	1934-11-23 16:00:00+00:00	0 days 17:00:00
1933-07-11 23:00:00+00:00	1933-07-12 16:00:00+00:00	0 days 17:00:00
1934-11-21 23:00:00+00:00	1934-11-22 16:00:00+00:00	0 days 17:00:00
1933-07-09 23:00:00+00:00	1933-07-10 16:00:00+00:00	0 days 17:00:00
1933-07-08 23:00:00+00:00	1933-07-09 16:00:00+00:00	0 days 17:00:00
1936-01-09 23:00:00+00:00	1936-01-10 16:00:00+00:00	0 days 17:00:00
1933-07-07 23:00:00+00:00	1933-07-08 16:00:00+00:00	0 days 17:00:00
1936-01-12 23:00:00+00:00	1936-01-13 16:00:00+00:00	0 days 17:00:00
1933-07-06 23:00:00+00:00	1933-07-07 16:00:00+00:00	0 days 17:00:00
1933-07-05 23:00:00+00:00	1933-07-06 16:00:00+00:00	0 days 17:00:00
1933-07-04 23:00:00+00:00	1933-07-05 16:00:00+00:00	0 days 17:00:00
1936-01-18 23:00:00+00:00	1936-01-19 16:00:00+00:00	0 days 17:00:00
1933-06-29 23:00:00+00:00	1933-06-30 16:00:00+00:00	0 days 17:00:00
1933-06-28 23:00:00+00:00	1933-06-29 16:00:00+00:00	0 days 17:00:00
1933-06-27 23:00:00+00:00	1933-06-28 16:00:00+00:00	0 days 17:00:00
1933-07-16 23:00:00+00:00	1933-07-17 16:00:00+00:00	0 days 17:00:00
1933-07-19 23:00:00+00:00	1933-07-20 16:00:00+00:00	0 days 17:00:00
1935-12-24 23:00:00+00:00	1935-12-25 16:00:00+00:00	0 days 17:00:00
1934-04-19 23:00:00+00:00	1934-04-20 16:00:00+00:00	0 days 17:00:00
1933-08-04 23:00:00+00:00	1933-08-05 16:00:00+00:00	0 days 17:00:00
1933-08-03 23:00:00+00:00	1933-08-04 16:00:00+00:00	0 days 17:00:00
1934-11-30 23:00:00+00:00	1934-12-01 16:00:00+00:00	0 days 17:00:00
1934-11-29 23:00:00+00:00	1934-11-30 16:00:00+00:00	0 days 17:00:00
1934-04-18 23:00:00+00:00	1934-04-19 16:00:00+00:00	0 days 17:00:00
1934-11-27 23:00:00+00:00	1934-11-28 16:00:00+00:00	0 days 17:00:00
1935-12-14 23:00:00+00:00	1935-12-15 16:00:00+00:00	0 days 17:00:00
1933-07-20 23:00:00+00:00	1933-07-21 16:00:00+00:00	0 days 17:00:00
1933-07-24 23:00:00+00:00	1933-07-25 16:00:00+00:00	0 days 17:00:00
1935-12-17 23:00:00+00:00	1935-12-18 16:00:00+00:00	0 days 17:00:00
1933-07-23 23:00:00+00:00	1933-07-24 16:00:00+00:00	0 days 17:00:00
1933-07-22 23:00:00+00:00	1933-07-23 16:00:00+00:00	0 days 17:00:00
1935-12-20 23:00:00+00:00	1935-12-21 16:00:00+00:00	0 days 17:00:00
1933-07-21 23:00:00+00:00	1933-07-22 16:00:00+00:00	0 days 17:00:00
1933-06-26 23:00:00+00:00	1933-06-27 16:00:00+00:00	0 days 17:00:00
1933-07-02 23:00:00+00:00	1933-07-03 16:00:00+00:00	0 days 17:00:00
1934-04-25 23:00:00+00:00	1934-04-26 16:00:00+00:00	0 days 17:00:00
1933-06-19 23:00:00+00:00	1933-06-20 16:00:00+00:00	0 days 17:00:00
1934-11-07 23:00:00+00:00	1934-11-08 16:00:00+00:00	0 days 17:00:00
1933-06-18 23:00:00+00:00	1933-06-19 16:00:00+00:00	0 days 17:00:00
1933-06-13 23:00:00+00:00	1933-06-14 16:00:00+00:00	0 days 17:00:00
1934-11-13 23:00:00+00:00	1934-11-14 16:00:00+00:00	0 days 17:00:00
1934-04-29 23:00:00+00:00	1934-04-30 16:00:00+00:00	0 days 17:00:00
1936-02-14 23:00:00+00:00	1936-02-15 16:00:00+00:00	0 days 17:00:00
1933-06-20 23:00:00+00:00	1933-06-21 16:00:00+00:00	0 days 17:00:00
1933-06-14 23:00:00+00:00	1933-06-15 16:00:00+00:00	0 days 17:00:00
1934-03-02 23:00:00+00:00	1934-03-03 15:00:00+00:00	0 days 16:00:00
1934-02-06 23:00:00+00:00	1934-02-07 15:00:00+00:00	0 days 16:00:00
1934-02-05 23:00:00+00:00	1934-02-06 15:00:00+00:00	0 days 16:00:00
1934-06-26 23:00:00+00:00	1934-06-27 15:00:00+00:00	0 days 16:00:00
1934-02-02 23:00:00+00:00	1934-02-03 15:00:00+00:00	0 days 16:00:00
1934-02-03 23:00:00+00:00	1934-02-04 15:00:00+00:00	0 days 16:00:00
1934-04-28 23:00:00+00:00	1934-04-29 15:00:00+00:00	0 days 16:00:00
1934-05-08 23:00:00+00:00	1934-05-09 15:00:00+00:00	0 days 16:00:00
1934-06-27 23:00:00+00:00	1934-06-28 15:00:00+00:00	0 days 16:00:00
1934-04-30 23:00:00+00:00	1934-05-01 15:00:00+00:00	0 days 16:00:00
1934-02-07 23:00:00+00:00	1934-02-08 15:00:00+00:00	0 days 16:00:00
1934-02-09 23:00:00+00:00	1934-02-10 15:00:00+00:00	0 days 16:00:00
1934-02-08 23:00:00+00:00	1934-02-09 15:00:00+00:00	0 days 16:00:00
1934-04-27 23:00:00+00:00	1934-04-28 15:00:00+00:00	0 days 16:00:00
1934-06-30 23:00:00+00:00	1934-07-01 15:00:00+00:00	0 days 16:00:00
1934-06-25 23:00:00+00:00	1934-06-26 15:00:00+00:00	0 days 16:00:00
1934-06-24 23:00:00+00:00	1934-06-25 15:00:00+00:00	0 days 16:00:00
1934-05-10 23:00:00+00:00	1934-05-11 15:00:00+00:00	0 days 16:00:00
1934-02-12 23:00:00+00:00	1934-02-13 15:00:00+00:00	0 days 16:00:00
1934-05-11 23:00:00+00:00	1934-05-12 15:00:00+00:00	0 days 16:00:00
1934-05-12 23:00:00+00:00	1934-05-13 15:00:00+00:00	0 days 16:00:00
1934-06-23 23:00:00+00:00	1934-06-24 15:00:00+00:00	0 days 16:00:00
1934-04-20 23:00:00+00:00	1934-04-21 15:00:00+00:00	0 days 16:00:00
1934-02-13 23:00:00+00:00	1934-02-14 15:00:00+00:00	0 days 16:00:00
1934-04-02 23:00:00+00:00	1934-04-03 15:00:00+00:00	0 days 16:00:00
1934-03-16 23:00:00+00:00	1934-03-17 15:00:00+00:00	0 days 16:00:00
1934-05-01 23:00:00+00:00	1934-05-02 15:00:00+00:00	0 days 16:00:00
1934-01-29 23:00:00+00:00	1934-01-30 15:00:00+00:00	0 days 16:00:00
1934-01-30 23:00:00+00:00	1934-01-31 15:00:00+00:00	0 days 16:00:00
1934-04-12 23:00:00+00:00	1934-04-13 15:00:00+00:00	0 days 16:00:00
1934-04-16 23:00:00+00:00	1934-04-17 15:00:00+00:00	0 days 16:00:00
1934-05-05 23:00:00+00:00	1934-05-06 15:00:00+00:00	0 days 16:00:00
1934-01-14 23:00:00+00:00	1934-01-15 15:00:00+00:00	0 days 16:00:00
1934-01-13 23:00:00+00:00	1934-01-14 15:00:00+00:00	0 days 16:00:00
1934-01-12 23:00:00+00:00	1934-01-13 15:00:00+00:00	0 days 16:00:00
1934-01-11 23:00:00+00:00	1934-01-12 15:00:00+00:00	0 days 16:00:00
1934-07-07 23:00:00+00:00	1934-07-08 15:00:00+00:00	0 days 16:00:00
1934-06-22 23:00:00+00:00	1934-06-23 15:00:00+00:00	0 days 16:00:00
1934-07-08 23:00:00+00:00	1934-07-09 15:00:00+00:00	0 days 16:00:00
1934-07-09 23:00:00+00:00	1934-07-10 15:00:00+00:00	0 days 16:00:00
1934-04-13 23:00:00+00:00	1934-04-14 15:00:00+00:00	0 days 16:00:00
1934-01-10 23:00:00+00:00	1934-01-11 15:00:00+00:00	0 days 16:00:00
1934-01-09 23:00:00+00:00	1934-01-10 15:00:00+00:00	0 days 16:00:00
1934-05-04 23:00:00+00:00	1934-05-05 15:00:00+00:00	0 days 16:00:00
1934-04-17 23:00:00+00:00	1934-04-18 15:00:00+00:00	0 days 16:00:00
1934-07-04 23:00:00+00:00	1934-07-05 15:00:00+00:00	0 days 16:00:00
1934-01-16 23:00:00+00:00	1934-01-17 15:00:00+00:00	0 days 16:00:00
1934-01-17 23:00:00+00:00	1934-01-18 15:00:00+00:00	0 days 16:00:00
1934-01-18 23:00:00+00:00	1934-01-19 15:00:00+00:00	0 days 16:00:00
1934-01-19 23:00:00+00:00	1934-01-20 15:00:00+00:00	0 days 16:00:00
1934-07-03 23:00:00+00:00	1934-07-04 15:00:00+00:00	0 days 16:00:00
1934-07-02 23:00:00+00:00	1934-07-03 15:00:00+00:00	0 days 16:00:00
1934-05-02 23:00:00+00:00	1934-05-03 15:00:00+00:00	0 days 16:00:00
1934-01-20 23:00:00+00:00	1934-01-21 15:00:00+00:00	0 days 16:00:00
1934-01-21 23:00:00+00:00	1934-01-22 15:00:00+00:00	0 days 16:00:00
1934-01-22 23:00:00+00:00	1934-01-23 15:00:00+00:00	0 days 16:00:00
1934-01-23 23:00:00+00:00	1934-01-24 15:00:00+00:00	0 days 16:00:00
1934-01-24 23:00:00+00:00	1934-01-25 15:00:00+00:00	0 days 16:00:00
1934-01-25 23:00:00+00:00	1934-01-26 15:00:00+00:00	0 days 16:00:00
1934-05-06 23:00:00+00:00	1934-05-07 15:00:00+00:00	0 days 16:00:00
1934-01-27 23:00:00+00:00	1934-01-28 15:00:00+00:00	0 days 16:00:00
1934-05-16 23:00:00+00:00	1934-05-17 15:00:00+00:00	0 days 16:00:00
1934-02-14 23:00:00+00:00	1934-02-15 15:00:00+00:00	0 days 16:00:00
1934-05-17 23:00:00+00:00	1934-05-18 15:00:00+00:00	0 days 16:00:00
1934-05-31 23:00:00+00:00	1934-06-01 15:00:00+00:00	0 days 16:00:00
1934-06-11 23:00:00+00:00	1934-06-12 15:00:00+00:00	0 days 16:00:00
1934-03-25 23:00:00+00:00	1934-03-26 15:00:00+00:00	0 days 16:00:00
1934-06-10 23:00:00+00:00	1934-06-11 15:00:00+00:00	0 days 16:00:00
1934-03-05 23:00:00+00:00	1934-03-06 15:00:00+00:00	0 days 16:00:00
1934-06-09 23:00:00+00:00	1934-06-10 15:00:00+00:00	0 days 16:00:00
1934-06-08 23:00:00+00:00	1934-06-09 15:00:00+00:00	0 days 16:00:00
1934-06-07 23:00:00+00:00	1934-06-08 15:00:00+00:00	0 days 16:00:00
1934-06-06 23:00:00+00:00	1934-06-07 15:00:00+00:00	0 days 16:00:00
1934-06-05 23:00:00+00:00	1934-06-06 15:00:00+00:00	0 days 16:00:00
1934-06-04 23:00:00+00:00	1934-06-05 15:00:00+00:00	0 days 16:00:00
1934-06-03 23:00:00+00:00	1934-06-04 15:00:00+00:00	0 days 16:00:00
1934-02-27 23:00:00+00:00	1934-02-28 15:00:00+00:00	0 days 16:00:00
1934-03-03 23:00:00+00:00	1934-03-04 15:00:00+00:00	0 days 16:00:00
1934-06-02 23:00:00+00:00	1934-06-03 15:00:00+00:00	0 days 16:00:00
1934-05-30 23:00:00+00:00	1934-05-31 15:00:00+00:00	0 days 16:00:00
1934-06-21 23:00:00+00:00	1934-06-22 15:00:00+00:00	0 days 16:00:00
1934-03-24 23:00:00+00:00	1934-03-25 15:00:00+00:00	0 days 16:00:00
1934-03-23 23:00:00+00:00	1934-03-24 15:00:00+00:00	0 days 16:00:00
1934-04-14 23:00:00+00:00	1934-04-15 15:00:00+00:00	0 days 16:00:00
1934-03-22 23:00:00+00:00	1934-03-23 15:00:00+00:00	0 days 16:00:00
1934-03-21 23:00:00+00:00	1934-03-22 15:00:00+00:00	0 days 16:00:00
1934-03-20 23:00:00+00:00	1934-03-21 15:00:00+00:00	0 days 16:00:00
1934-05-28 23:00:00+00:00	1934-05-29 15:00:00+00:00	0 days 16:00:00
1934-04-23 23:00:00+00:00	1934-04-24 15:00:00+00:00	0 days 16:00:00
1934-05-26 23:00:00+00:00	1934-05-27 15:00:00+00:00	0 days 16:00:00
1934-05-25 23:00:00+00:00	1934-05-26 15:00:00+00:00	0 days 16:00:00
1934-05-24 23:00:00+00:00	1934-05-25 15:00:00+00:00	0 days 16:00:00
1934-05-23 23:00:00+00:00	1934-05-24 15:00:00+00:00	0 days 16:00:00
1934-05-22 23:00:00+00:00	1934-05-23 15:00:00+00:00	0 days 16:00:00
1934-02-28 23:00:00+00:00	1934-03-01 15:00:00+00:00	0 days 16:00:00
1934-06-12 23:00:00+00:00	1934-06-13 15:00:00+00:00	0 days 16:00:00
1934-06-13 23:00:00+00:00	1934-06-14 15:00:00+00:00	0 days 16:00:00
1934-02-26 23:00:00+00:00	1934-02-27 15:00:00+00:00	0 days 16:00:00
1934-02-25 23:00:00+00:00	1934-02-26 15:00:00+00:00	0 days 16:00:00
1934-03-01 23:00:00+00:00	1934-03-02 15:00:00+00:00	0 days 16:00:00
1934-02-15 23:00:00+00:00	1934-02-16 15:00:00+00:00	0 days 16:00:00
1934-05-18 23:00:00+00:00	1934-05-19 15:00:00+00:00	0 days 16:00:00
1934-06-20 23:00:00+00:00	1934-06-21 15:00:00+00:00	0 days 16:00:00
1934-05-19 23:00:00+00:00	1934-05-20 15:00:00+00:00	0 days 16:00:00
1934-06-19 23:00:00+00:00	1934-06-20 15:00:00+00:00	0 days 16:00:00
1934-04-01 23:00:00+00:00	1934-04-02 15:00:00+00:00	0 days 16:00:00
1934-03-11 23:00:00+00:00	1934-03-12 15:00:00+00:00	0 days 16:00:00
1934-03-31 23:00:00+00:00	1934-04-01 15:00:00+00:00	0 days 16:00:00
1934-03-17 23:00:00+00:00	1934-03-18 15:00:00+00:00	0 days 16:00:00
1934-06-18 23:00:00+00:00	1934-06-19 15:00:00+00:00	0 days 16:00:00
1934-03-08 23:00:00+00:00	1934-03-09 15:00:00+00:00	0 days 16:00:00
1934-03-07 23:00:00+00:00	1934-03-08 15:00:00+00:00	0 days 16:00:00
1934-04-24 23:00:00+00:00	1934-04-25 15:00:00+00:00	0 days 16:00:00
1934-06-17 23:00:00+00:00	1934-06-18 15:00:00+00:00	0 days 16:00:00
1934-02-18 23:00:00+00:00	1934-02-19 15:00:00+00:00	0 days 16:00:00
1934-05-03 23:00:00+00:00	1934-05-04 15:00:00+00:00	0 days 16:00:00
1934-06-16 23:00:00+00:00	1934-06-17 15:00:00+00:00	0 days 16:00:00
1934-02-19 23:00:00+00:00	1934-02-20 15:00:00+00:00	0 days 16:00:00
1934-06-15 23:00:00+00:00	1934-06-16 15:00:00+00:00	0 days 16:00:00
1934-04-21 23:00:00+00:00	1934-04-22 15:00:00+00:00	0 days 16:00:00
1934-02-20 23:00:00+00:00	1934-02-21 15:00:00+00:00	0 days 16:00:00
1934-02-21 23:00:00+00:00	1934-02-22 15:00:00+00:00	0 days 16:00:00
1934-02-22 23:00:00+00:00	1934-02-23 15:00:00+00:00	0 days 16:00:00
1934-06-14 23:00:00+00:00	1934-06-15 15:00:00+00:00	0 days 16:00:00
1934-02-23 23:00:00+00:00	1934-02-24 15:00:00+00:00	0 days 16:00:00
1934-04-22 23:00:00+00:00	1934-04-23 15:00:00+00:00	0 days 16:00:00
1934-03-18 23:00:00+00:00	1934-03-19 15:00:00+00:00	0 days 16:00:00
1934-02-24 23:00:00+00:00	1934-02-25 15:00:00+00:00	0 days 16:00:00
1934-04-15 23:00:00+00:00	1934-04-16 15:00:00+00:00	0 days 16:00:00
1934-10-17 23:00:00+00:00	1934-10-18 15:00:00+00:00	0 days 16:00:00
1934-01-08 23:00:00+00:00	1934-01-09 15:00:00+00:00	0 days 16:00:00
1933-04-23 23:00:00+00:00	1933-04-24 15:00:00+00:00	0 days 16:00:00
1933-05-10 23:00:00+00:00	1933-05-11 15:00:00+00:00	0 days 16:00:00
1933-05-09 23:00:00+00:00	1933-05-10 15:00:00+00:00	0 days 16:00:00
1933-05-08 23:00:00+00:00	1933-05-09 15:00:00+00:00	0 days 16:00:00
1933-05-07 23:00:00+00:00	1933-05-08 15:00:00+00:00	0 days 16:00:00
1933-05-05 23:00:00+00:00	1933-05-06 15:00:00+00:00	0 days 16:00:00
1933-05-04 23:00:00+00:00	1933-05-05 15:00:00+00:00	0 days 16:00:00
1933-05-02 23:00:00+00:00	1933-05-03 15:00:00+00:00	0 days 16:00:00
1933-04-29 23:00:00+00:00	1933-04-30 15:00:00+00:00	0 days 16:00:00
1933-04-28 23:00:00+00:00	1933-04-29 15:00:00+00:00	0 days 16:00:00
1933-04-27 23:00:00+00:00	1933-04-28 15:00:00+00:00	0 days 16:00:00
1933-04-26 23:00:00+00:00	1933-04-27 15:00:00+00:00	0 days 16:00:00
1933-04-25 23:00:00+00:00	1933-04-26 15:00:00+00:00	0 days 16:00:00
1933-04-24 23:00:00+00:00	1933-04-25 15:00:00+00:00	0 days 16:00:00
1933-04-22 23:00:00+00:00	1933-04-23 15:00:00+00:00	0 days 16:00:00
1933-05-12 23:00:00+00:00	1933-05-13 15:00:00+00:00	0 days 16:00:00
1933-04-21 23:00:00+00:00	1933-04-22 15:00:00+00:00	0 days 16:00:00
1933-04-20 23:00:00+00:00	1933-04-21 15:00:00+00:00	0 days 16:00:00
1933-04-19 23:00:00+00:00	1933-04-20 15:00:00+00:00	0 days 16:00:00
1933-04-18 23:00:00+00:00	1933-04-19 15:00:00+00:00	0 days 16:00:00
1933-04-17 23:00:00+00:00	1933-04-18 15:00:00+00:00	0 days 16:00:00
1933-04-16 23:00:00+00:00	1933-04-17 15:00:00+00:00	0 days 16:00:00
1933-04-15 23:00:00+00:00	1933-04-16 15:00:00+00:00	0 days 16:00:00
1933-04-14 23:00:00+00:00	1933-04-15 15:00:00+00:00	0 days 16:00:00
1933-04-13 23:00:00+00:00	1933-04-14 15:00:00+00:00	0 days 16:00:00
1933-04-11 23:00:00+00:00	1933-04-12 15:00:00+00:00	0 days 16:00:00
1933-04-10 23:00:00+00:00	1933-04-11 15:00:00+00:00	0 days 16:00:00
1933-04-09 23:00:00+00:00	1933-04-10 15:00:00+00:00	0 days 16:00:00
1933-04-08 23:00:00+00:00	1933-04-09 15:00:00+00:00	0 days 16:00:00
1933-05-11 23:00:00+00:00	1933-05-12 15:00:00+00:00	0 days 16:00:00
1933-05-13 23:00:00+00:00	1933-05-14 15:00:00+00:00	0 days 16:00:00
1933-04-06 23:00:00+00:00	1933-04-07 15:00:00+00:00	0 days 16:00:00
1933-06-01 23:00:00+00:00	1933-06-02 15:00:00+00:00	0 days 16:00:00
1933-06-16 23:00:00+00:00	1933-06-17 15:00:00+00:00	0 days 16:00:00
1933-06-15 23:00:00+00:00	1933-06-16 15:00:00+00:00	0 days 16:00:00
1933-06-12 23:00:00+00:00	1933-06-13 15:00:00+00:00	0 days 16:00:00
1933-06-11 23:00:00+00:00	1933-06-12 15:00:00+00:00	0 days 16:00:00
1933-06-10 23:00:00+00:00	1933-06-11 15:00:00+00:00	0 days 16:00:00
1933-06-09 23:00:00+00:00	1933-06-10 15:00:00+00:00	0 days 16:00:00
1933-06-08 23:00:00+00:00	1933-06-09 15:00:00+00:00	0 days 16:00:00
1933-06-07 23:00:00+00:00	1933-06-08 15:00:00+00:00	0 days 16:00:00
1933-06-06 23:00:00+00:00	1933-06-07 15:00:00+00:00	0 days 16:00:00
1933-06-05 23:00:00+00:00	1933-06-06 15:00:00+00:00	0 days 16:00:00
1933-06-04 23:00:00+00:00	1933-06-05 15:00:00+00:00	0 days 16:00:00
1933-06-03 23:00:00+00:00	1933-06-04 15:00:00+00:00	0 days 16:00:00
1933-06-02 23:00:00+00:00	1933-06-03 15:00:00+00:00	0 days 16:00:00
1933-05-31 23:00:00+00:00	1933-06-01 15:00:00+00:00	0 days 16:00:00
1933-05-15 23:00:00+00:00	1933-05-16 15:00:00+00:00	0 days 16:00:00
1933-05-30 23:00:00+00:00	1933-05-31 15:00:00+00:00	0 days 16:00:00
1933-05-29 23:00:00+00:00	1933-05-30 15:00:00+00:00	0 days 16:00:00
1933-05-28 23:00:00+00:00	1933-05-29 15:00:00+00:00	0 days 16:00:00
1933-05-27 23:00:00+00:00	1933-05-28 15:00:00+00:00	0 days 16:00:00
1933-05-25 23:00:00+00:00	1933-05-26 15:00:00+00:00	0 days 16:00:00
1933-05-24 23:00:00+00:00	1933-05-25 15:00:00+00:00	0 days 16:00:00
1933-05-23 23:00:00+00:00	1933-05-24 15:00:00+00:00	0 days 16:00:00
1933-05-22 23:00:00+00:00	1933-05-23 15:00:00+00:00	0 days 16:00:00
1933-05-21 23:00:00+00:00	1933-05-22 15:00:00+00:00	0 days 16:00:00
1933-05-20 23:00:00+00:00	1933-05-21 15:00:00+00:00	0 days 16:00:00
1933-05-19 23:00:00+00:00	1933-05-20 15:00:00+00:00	0 days 16:00:00
1933-05-17 23:00:00+00:00	1933-05-18 15:00:00+00:00	0 days 16:00:00
1933-05-16 23:00:00+00:00	1933-05-17 15:00:00+00:00	0 days 16:00:00
1933-04-07 23:00:00+00:00	1933-04-08 15:00:00+00:00	0 days 16:00:00
1933-04-05 23:00:00+00:00	1933-04-06 15:00:00+00:00	0 days 16:00:00
1933-06-21 23:00:00+00:00	1933-06-22 15:00:00+00:00	0 days 16:00:00
1933-01-19 23:00:00+00:00	1933-01-20 15:00:00+00:00	0 days 16:00:00
1933-02-04 23:00:00+00:00	1933-02-05 15:00:00+00:00	0 days 16:00:00
1933-02-03 23:00:00+00:00	1933-02-04 15:00:00+00:00	0 days 16:00:00
1933-02-02 23:00:00+00:00	1933-02-03 15:00:00+00:00	0 days 16:00:00
1933-02-01 23:00:00+00:00	1933-02-02 15:00:00+00:00	0 days 16:00:00
1933-01-30 23:00:00+00:00	1933-01-31 15:00:00+00:00	0 days 16:00:00
1933-01-29 23:00:00+00:00	1933-01-30 15:00:00+00:00	0 days 16:00:00
1933-01-28 23:00:00+00:00	1933-01-29 15:00:00+00:00	0 days 16:00:00
1933-01-27 23:00:00+00:00	1933-01-28 15:00:00+00:00	0 days 16:00:00
1933-01-26 23:00:00+00:00	1933-01-27 15:00:00+00:00	0 days 16:00:00
1933-01-23 23:00:00+00:00	1933-01-24 15:00:00+00:00	0 days 16:00:00
1933-01-22 23:00:00+00:00	1933-01-23 15:00:00+00:00	0 days 16:00:00
1933-01-21 23:00:00+00:00	1933-01-22 15:00:00+00:00	0 days 16:00:00
1933-01-20 23:00:00+00:00	1933-01-21 15:00:00+00:00	0 days 16:00:00
1933-01-18 23:00:00+00:00	1933-01-19 15:00:00+00:00	0 days 16:00:00
1933-02-06 23:00:00+00:00	1933-02-07 15:00:00+00:00	0 days 16:00:00
1933-01-17 23:00:00+00:00	1933-01-18 15:00:00+00:00	0 days 16:00:00
1933-01-16 23:00:00+00:00	1933-01-17 15:00:00+00:00	0 days 16:00:00
1933-01-15 23:00:00+00:00	1933-01-16 15:00:00+00:00	0 days 16:00:00
1933-01-14 23:00:00+00:00	1933-01-15 15:00:00+00:00	0 days 16:00:00
1933-01-13 23:00:00+00:00	1933-01-14 15:00:00+00:00	0 days 16:00:00
1933-01-12 23:00:00+00:00	1933-01-13 15:00:00+00:00	0 days 16:00:00
1933-01-10 23:00:00+00:00	1933-01-11 15:00:00+00:00	0 days 16:00:00
1933-01-08 23:00:00+00:00	1933-01-09 15:00:00+00:00	0 days 16:00:00
1933-01-06 23:00:00+00:00	1933-01-07 15:00:00+00:00	0 days 16:00:00
1933-01-05 23:00:00+00:00	1933-01-06 15:00:00+00:00	0 days 16:00:00
1933-01-04 23:00:00+00:00	1933-01-05 15:00:00+00:00	0 days 16:00:00
1933-01-03 23:00:00+00:00	1933-01-04 15:00:00+00:00	0 days 16:00:00
1933-01-02 23:00:00+00:00	1933-01-03 15:00:00+00:00	0 days 16:00:00
1933-02-05 23:00:00+00:00	1933-02-06 15:00:00+00:00	0 days 16:00:00
1933-02-08 23:00:00+00:00	1933-02-09 15:00:00+00:00	0 days 16:00:00
1933-04-04 23:00:00+00:00	1933-04-05 15:00:00+00:00	0 days 16:00:00
1933-03-12 23:00:00+00:00	1933-03-13 15:00:00+00:00	0 days 16:00:00
1933-04-03 23:00:00+00:00	1933-04-04 15:00:00+00:00	0 days 16:00:00
1933-04-01 23:00:00+00:00	1933-04-02 15:00:00+00:00	0 days 16:00:00
1933-03-31 23:00:00+00:00	1933-04-01 15:00:00+00:00	0 days 16:00:00
1933-03-29 23:00:00+00:00	1933-03-30 15:00:00+00:00	0 days 16:00:00
1933-03-28 23:00:00+00:00	1933-03-29 15:00:00+00:00	0 days 16:00:00
1933-03-27 23:00:00+00:00	1933-03-28 15:00:00+00:00	0 days 16:00:00
1933-03-25 23:00:00+00:00	1933-03-26 15:00:00+00:00	0 days 16:00:00
1933-03-22 23:00:00+00:00	1933-03-23 15:00:00+00:00	0 days 16:00:00
1933-03-20 23:00:00+00:00	1933-03-21 15:00:00+00:00	0 days 16:00:00
1933-03-18 23:00:00+00:00	1933-03-19 15:00:00+00:00	0 days 16:00:00
1933-03-16 23:00:00+00:00	1933-03-17 15:00:00+00:00	0 days 16:00:00
1933-03-15 23:00:00+00:00	1933-03-16 15:00:00+00:00	0 days 16:00:00
1933-03-14 23:00:00+00:00	1933-03-15 15:00:00+00:00	0 days 16:00:00
1933-03-11 23:00:00+00:00	1933-03-12 15:00:00+00:00	0 days 16:00:00
1933-02-09 23:00:00+00:00	1933-02-10 15:00:00+00:00	0 days 16:00:00
1933-03-10 23:00:00+00:00	1933-03-11 15:00:00+00:00	0 days 16:00:00
1933-03-09 23:00:00+00:00	1933-03-10 15:00:00+00:00	0 days 16:00:00
1933-03-08 23:00:00+00:00	1933-03-09 15:00:00+00:00	0 days 16:00:00
1933-03-04 23:00:00+00:00	1933-03-05 15:00:00+00:00	0 days 16:00:00
1933-03-03 23:00:00+00:00	1933-03-04 15:00:00+00:00	0 days 16:00:00
1933-02-24 23:00:00+00:00	1933-02-25 15:00:00+00:00	0 days 16:00:00
1933-02-23 23:00:00+00:00	1933-02-24 15:00:00+00:00	0 days 16:00:00
1933-02-19 23:00:00+00:00	1933-02-20 15:00:00+00:00	0 days 16:00:00
1933-02-18 23:00:00+00:00	1933-02-19 15:00:00+00:00	0 days 16:00:00
1933-02-17 23:00:00+00:00	1933-02-18 15:00:00+00:00	0 days 16:00:00
1933-02-16 23:00:00+00:00	1933-02-17 15:00:00+00:00	0 days 16:00:00
1933-02-12 23:00:00+00:00	1933-02-13 15:00:00+00:00	0 days 16:00:00
1933-02-11 23:00:00+00:00	1933-02-12 15:00:00+00:00	0 days 16:00:00
1933-06-17 23:00:00+00:00	1933-06-18 15:00:00+00:00	0 days 16:00:00
1933-06-30 23:00:00+00:00	1933-07-01 15:00:00+00:00	0 days 16:00:00
1934-01-07 23:00:00+00:00	1934-01-08 15:00:00+00:00	0 days 16:00:00
1933-11-12 23:00:00+00:00	1933-11-13 15:00:00+00:00	0 days 16:00:00
1933-12-03 23:00:00+00:00	1933-12-04 15:00:00+00:00	0 days 16:00:00
1933-12-02 23:00:00+00:00	1933-12-03 15:00:00+00:00	0 days 16:00:00
1933-12-01 23:00:00+00:00	1933-12-02 15:00:00+00:00	0 days 16:00:00
1933-11-30 23:00:00+00:00	1933-12-01 15:00:00+00:00	0 days 16:00:00
1933-11-29 23:00:00+00:00	1933-11-30 15:00:00+00:00	0 days 16:00:00
1933-11-28 23:00:00+00:00	1933-11-29 15:00:00+00:00	0 days 16:00:00
1933-11-27 23:00:00+00:00	1933-11-28 15:00:00+00:00	0 days 16:00:00
1933-11-26 23:00:00+00:00	1933-11-27 15:00:00+00:00	0 days 16:00:00
1933-11-25 23:00:00+00:00	1933-11-26 15:00:00+00:00	0 days 16:00:00
1933-11-24 23:00:00+00:00	1933-11-25 15:00:00+00:00	0 days 16:00:00
1933-11-22 23:00:00+00:00	1933-11-23 15:00:00+00:00	0 days 16:00:00
1933-11-20 23:00:00+00:00	1933-11-21 15:00:00+00:00	0 days 16:00:00
1933-11-19 23:00:00+00:00	1933-11-20 15:00:00+00:00	0 days 16:00:00
1933-11-11 23:00:00+00:00	1933-11-12 15:00:00+00:00	0 days 16:00:00
1933-12-05 23:00:00+00:00	1933-12-06 15:00:00+00:00	0 days 16:00:00
1933-11-09 23:00:00+00:00	1933-11-10 15:00:00+00:00	0 days 16:00:00
1933-11-06 23:00:00+00:00	1933-11-07 15:00:00+00:00	0 days 16:00:00
1933-11-04 23:00:00+00:00	1933-11-05 15:00:00+00:00	0 days 16:00:00
1933-11-01 23:00:00+00:00	1933-11-02 15:00:00+00:00	0 days 16:00:00
1933-10-30 23:00:00+00:00	1933-10-31 15:00:00+00:00	0 days 16:00:00
1933-10-29 23:00:00+00:00	1933-10-30 15:00:00+00:00	0 days 16:00:00
1933-10-28 23:00:00+00:00	1933-10-29 15:00:00+00:00	0 days 16:00:00
1933-10-27 23:00:00+00:00	1933-10-28 15:00:00+00:00	0 days 16:00:00
1933-10-26 23:00:00+00:00	1933-10-27 15:00:00+00:00	0 days 16:00:00
1933-10-25 23:00:00+00:00	1933-10-26 15:00:00+00:00	0 days 16:00:00
1933-10-24 23:00:00+00:00	1933-10-25 15:00:00+00:00	0 days 16:00:00
1933-10-23 23:00:00+00:00	1933-10-24 15:00:00+00:00	0 days 16:00:00
1934-07-13 23:00:00+00:00	1934-07-14 15:00:00+00:00	0 days 16:00:00
1933-12-04 23:00:00+00:00	1933-12-05 15:00:00+00:00	0 days 16:00:00
1933-12-06 23:00:00+00:00	1933-12-07 15:00:00+00:00	0 days 16:00:00
1933-10-11 23:00:00+00:00	1933-10-12 15:00:00+00:00	0 days 16:00:00
1933-12-22 23:00:00+00:00	1933-12-23 15:00:00+00:00	0 days 16:00:00
1934-01-06 23:00:00+00:00	1934-01-07 15:00:00+00:00	0 days 16:00:00
1934-01-04 23:00:00+00:00	1934-01-05 15:00:00+00:00	0 days 16:00:00
1934-01-02 23:00:00+00:00	1934-01-03 15:00:00+00:00	0 days 16:00:00
1934-01-01 23:00:00+00:00	1934-01-02 15:00:00+00:00	0 days 16:00:00
1933-12-31 23:00:00+00:00	1934-01-01 15:00:00+00:00	0 days 16:00:00
1933-12-30 23:00:00+00:00	1933-12-31 15:00:00+00:00	0 days 16:00:00
1933-12-29 23:00:00+00:00	1933-12-30 15:00:00+00:00	0 days 16:00:00
1933-12-28 23:00:00+00:00	1933-12-29 15:00:00+00:00	0 days 16:00:00
1933-12-27 23:00:00+00:00	1933-12-28 15:00:00+00:00	0 days 16:00:00
1933-12-26 23:00:00+00:00	1933-12-27 15:00:00+00:00	0 days 16:00:00
1933-12-25 23:00:00+00:00	1933-12-26 15:00:00+00:00	0 days 16:00:00
1933-12-24 23:00:00+00:00	1933-12-25 15:00:00+00:00	0 days 16:00:00
1933-12-23 23:00:00+00:00	1933-12-24 15:00:00+00:00	0 days 16:00:00
1933-12-21 23:00:00+00:00	1933-12-22 15:00:00+00:00	0 days 16:00:00
1933-12-07 23:00:00+00:00	1933-12-08 15:00:00+00:00	0 days 16:00:00
1933-12-20 23:00:00+00:00	1933-12-21 15:00:00+00:00	0 days 16:00:00
1933-12-19 23:00:00+00:00	1933-12-20 15:00:00+00:00	0 days 16:00:00
1933-12-18 23:00:00+00:00	1933-12-19 15:00:00+00:00	0 days 16:00:00
1933-12-17 23:00:00+00:00	1933-12-18 15:00:00+00:00	0 days 16:00:00
1933-12-16 23:00:00+00:00	1933-12-17 15:00:00+00:00	0 days 16:00:00
1933-12-15 23:00:00+00:00	1933-12-16 15:00:00+00:00	0 days 16:00:00
1933-12-14 23:00:00+00:00	1933-12-15 15:00:00+00:00	0 days 16:00:00
1933-12-13 23:00:00+00:00	1933-12-14 15:00:00+00:00	0 days 16:00:00
1933-12-12 23:00:00+00:00	1933-12-13 15:00:00+00:00	0 days 16:00:00
1933-12-11 23:00:00+00:00	1933-12-12 15:00:00+00:00	0 days 16:00:00
1933-12-10 23:00:00+00:00	1933-12-11 15:00:00+00:00	0 days 16:00:00
1933-12-09 23:00:00+00:00	1933-12-10 15:00:00+00:00	0 days 16:00:00
1933-12-08 23:00:00+00:00	1933-12-09 15:00:00+00:00	0 days 16:00:00
1933-10-12 23:00:00+00:00	1933-10-13 15:00:00+00:00	0 days 16:00:00
1933-10-10 23:00:00+00:00	1933-10-11 15:00:00+00:00	0 days 16:00:00
1933-07-01 23:00:00+00:00	1933-07-02 15:00:00+00:00	0 days 16:00:00
1933-08-05 23:00:00+00:00	1933-08-06 15:00:00+00:00	0 days 16:00:00
1933-08-21 23:00:00+00:00	1933-08-22 15:00:00+00:00	0 days 16:00:00
1933-08-20 23:00:00+00:00	1933-08-21 15:00:00+00:00	0 days 16:00:00
1933-08-19 23:00:00+00:00	1933-08-20 15:00:00+00:00	0 days 16:00:00
1933-08-18 23:00:00+00:00	1933-08-19 15:00:00+00:00	0 days 16:00:00
1933-08-16 23:00:00+00:00	1933-08-17 15:00:00+00:00	0 days 16:00:00
1933-08-15 23:00:00+00:00	1933-08-16 15:00:00+00:00	0 days 16:00:00
1933-08-13 23:00:00+00:00	1933-08-14 15:00:00+00:00	0 days 16:00:00
1933-08-12 23:00:00+00:00	1933-08-13 15:00:00+00:00	0 days 16:00:00
1933-08-10 23:00:00+00:00	1933-08-11 15:00:00+00:00	0 days 16:00:00
1933-08-09 23:00:00+00:00	1933-08-10 15:00:00+00:00	0 days 16:00:00
1933-08-08 23:00:00+00:00	1933-08-09 15:00:00+00:00	0 days 16:00:00
1933-08-07 23:00:00+00:00	1933-08-08 15:00:00+00:00	0 days 16:00:00
1933-08-06 23:00:00+00:00	1933-08-07 15:00:00+00:00	0 days 16:00:00
1933-08-02 23:00:00+00:00	1933-08-03 15:00:00+00:00	0 days 16:00:00
1933-08-24 23:00:00+00:00	1933-08-25 15:00:00+00:00	0 days 16:00:00
1933-08-01 23:00:00+00:00	1933-08-02 15:00:00+00:00	0 days 16:00:00
1933-07-31 23:00:00+00:00	1933-08-01 15:00:00+00:00	0 days 16:00:00
1933-07-30 23:00:00+00:00	1933-07-31 15:00:00+00:00	0 days 16:00:00
1933-07-29 23:00:00+00:00	1933-07-30 15:00:00+00:00	0 days 16:00:00
1933-07-28 23:00:00+00:00	1933-07-29 15:00:00+00:00	0 days 16:00:00
1933-07-27 23:00:00+00:00	1933-07-28 15:00:00+00:00	0 days 16:00:00
1933-07-26 23:00:00+00:00	1933-07-27 15:00:00+00:00	0 days 16:00:00
1933-07-25 23:00:00+00:00	1933-07-26 15:00:00+00:00	0 days 16:00:00
1933-07-18 23:00:00+00:00	1933-07-19 15:00:00+00:00	0 days 16:00:00
1933-07-17 23:00:00+00:00	1933-07-18 15:00:00+00:00	0 days 16:00:00
1933-07-12 23:00:00+00:00	1933-07-13 15:00:00+00:00	0 days 16:00:00
1933-07-11 00:00:00+00:00	1933-07-11 16:00:00+00:00	0 days 16:00:00
1933-07-03 23:00:00+00:00	1933-07-04 15:00:00+00:00	0 days 16:00:00
1933-08-22 23:00:00+00:00	1933-08-23 15:00:00+00:00	0 days 16:00:00
1933-08-26 23:00:00+00:00	1933-08-27 15:00:00+00:00	0 days 16:00:00
1933-10-09 23:00:00+00:00	1933-10-10 15:00:00+00:00	0 days 16:00:00
1933-09-18 23:00:00+00:00	1933-09-19 15:00:00+00:00	0 days 16:00:00
1933-10-06 23:00:00+00:00	1933-10-07 15:00:00+00:00	0 days 16:00:00
1933-10-05 23:00:00+00:00	1933-10-06 15:00:00+00:00	0 days 16:00:00
1933-10-02 23:00:00+00:00	1933-10-03 15:00:00+00:00	0 days 16:00:00
1933-10-01 23:00:00+00:00	1933-10-02 15:00:00+00:00	0 days 16:00:00
1933-09-30 23:00:00+00:00	1933-10-01 15:00:00+00:00	0 days 16:00:00
1933-09-29 23:00:00+00:00	1933-09-30 15:00:00+00:00	0 days 16:00:00
1933-09-28 23:00:00+00:00	1933-09-29 15:00:00+00:00	0 days 16:00:00
1933-09-27 23:00:00+00:00	1933-09-28 15:00:00+00:00	0 days 16:00:00
1933-09-26 23:00:00+00:00	1933-09-27 15:00:00+00:00	0 days 16:00:00
1933-09-25 23:00:00+00:00	1933-09-26 15:00:00+00:00	0 days 16:00:00
1933-09-24 23:00:00+00:00	1933-09-25 15:00:00+00:00	0 days 16:00:00
1933-09-23 23:00:00+00:00	1933-09-24 15:00:00+00:00	0 days 16:00:00
1933-09-22 23:00:00+00:00	1933-09-23 15:00:00+00:00	0 days 16:00:00
1933-09-16 23:00:00+00:00	1933-09-17 15:00:00+00:00	0 days 16:00:00
1933-08-29 23:00:00+00:00	1933-08-30 15:00:00+00:00	0 days 16:00:00
1933-09-15 23:00:00+00:00	1933-09-16 15:00:00+00:00	0 days 16:00:00
1933-09-14 23:00:00+00:00	1933-09-15 15:00:00+00:00	0 days 16:00:00
1933-09-13 23:00:00+00:00	1933-09-14 15:00:00+00:00	0 days 16:00:00
1933-09-12 23:00:00+00:00	1933-09-13 15:00:00+00:00	0 days 16:00:00
1933-09-11 23:00:00+00:00	1933-09-12 15:00:00+00:00	0 days 16:00:00
1933-09-09 23:00:00+00:00	1933-09-10 15:00:00+00:00	0 days 16:00:00
1933-09-08 23:00:00+00:00	1933-09-09 15:00:00+00:00	0 days 16:00:00
1933-09-07 23:00:00+00:00	1933-09-08 15:00:00+00:00	0 days 16:00:00
1933-09-06 23:00:00+00:00	1933-09-07 15:00:00+00:00	0 days 16:00:00
1933-09-03 23:00:00+00:00	1933-09-04 15:00:00+00:00	0 days 16:00:00
1933-09-02 23:00:00+00:00	1933-09-03 15:00:00+00:00	0 days 16:00:00
1933-09-01 23:00:00+00:00	1933-09-02 15:00:00+00:00	0 days 16:00:00
1933-08-31 23:00:00+00:00	1933-09-01 15:00:00+00:00	0 days 16:00:00
1934-07-12 23:00:00+00:00	1934-07-13 15:00:00+00:00	0 days 16:00:00
1933-01-01 23:00:00+00:00	1933-01-02 15:00:00+00:00	0 days 16:00:00
1934-07-14 23:00:00+00:00	1934-07-15 15:00:00+00:00	0 days 16:00:00
1935-06-05 23:00:00+00:00	1935-06-06 15:00:00+00:00	0 days 16:00:00
1935-07-12 23:00:00+00:00	1935-07-13 15:00:00+00:00	0 days 16:00:00
1935-07-11 23:00:00+00:00	1935-07-12 15:00:00+00:00	0 days 16:00:00
1935-07-10 23:00:00+00:00	1935-07-11 15:00:00+00:00	0 days 16:00:00
1935-07-09 23:00:00+00:00	1935-07-10 15:00:00+00:00	0 days 16:00:00
1935-07-08 23:00:00+00:00	1935-07-09 15:00:00+00:00	0 days 16:00:00
1935-07-07 23:00:00+00:00	1935-07-08 15:00:00+00:00	0 days 16:00:00
1935-07-06 23:00:00+00:00	1935-07-07 15:00:00+00:00	0 days 16:00:00
1935-07-05 23:00:00+00:00	1935-07-06 15:00:00+00:00	0 days 16:00:00
1935-07-02 23:00:00+00:00	1935-07-03 15:00:00+00:00	0 days 16:00:00
1935-07-01 23:00:00+00:00	1935-07-02 15:00:00+00:00	0 days 16:00:00
1935-06-30 23:00:00+00:00	1935-07-01 15:00:00+00:00	0 days 16:00:00
1935-06-29 23:00:00+00:00	1935-06-30 15:00:00+00:00	0 days 16:00:00
1935-06-28 23:00:00+00:00	1935-06-29 15:00:00+00:00	0 days 16:00:00
1935-06-26 23:00:00+00:00	1935-06-27 15:00:00+00:00	0 days 16:00:00
1935-06-25 23:00:00+00:00	1935-06-26 15:00:00+00:00	0 days 16:00:00
1935-06-22 23:00:00+00:00	1935-06-23 15:00:00+00:00	0 days 16:00:00
1935-06-21 23:00:00+00:00	1935-06-22 15:00:00+00:00	0 days 16:00:00
1935-06-18 23:00:00+00:00	1935-06-19 15:00:00+00:00	0 days 16:00:00
1935-06-17 23:00:00+00:00	1935-06-18 15:00:00+00:00	0 days 16:00:00
1935-06-16 23:00:00+00:00	1935-06-17 15:00:00+00:00	0 days 16:00:00
1935-06-15 23:00:00+00:00	1935-06-16 15:00:00+00:00	0 days 16:00:00
1935-07-13 23:00:00+00:00	1935-07-14 15:00:00+00:00	0 days 16:00:00
1935-07-14 23:00:00+00:00	1935-07-15 15:00:00+00:00	0 days 16:00:00
1935-07-15 23:00:00+00:00	1935-07-16 15:00:00+00:00	0 days 16:00:00
1935-08-23 23:00:00+00:00	1935-08-24 15:00:00+00:00	0 days 16:00:00
1935-09-19 23:00:00+00:00	1935-09-20 15:00:00+00:00	0 days 16:00:00
1935-09-03 23:00:00+00:00	1935-09-04 15:00:00+00:00	0 days 16:00:00
1935-09-01 23:00:00+00:00	1935-09-02 15:00:00+00:00	0 days 16:00:00
1935-08-31 23:00:00+00:00	1935-09-01 15:00:00+00:00	0 days 16:00:00
1935-08-30 23:00:00+00:00	1935-08-31 15:00:00+00:00	0 days 16:00:00
1935-08-27 23:00:00+00:00	1935-08-28 15:00:00+00:00	0 days 16:00:00
1935-08-26 23:00:00+00:00	1935-08-27 15:00:00+00:00	0 days 16:00:00
1935-08-25 23:00:00+00:00	1935-08-26 15:00:00+00:00	0 days 16:00:00
1935-08-24 23:00:00+00:00	1935-08-25 15:00:00+00:00	0 days 16:00:00
1935-08-22 23:00:00+00:00	1935-08-23 15:00:00+00:00	0 days 16:00:00
1935-08-09 23:00:00+00:00	1935-08-10 15:00:00+00:00	0 days 16:00:00
1935-08-20 23:00:00+00:00	1935-08-21 15:00:00+00:00	0 days 16:00:00
1935-08-19 23:00:00+00:00	1935-08-20 15:00:00+00:00	0 days 16:00:00
1935-08-16 23:00:00+00:00	1935-08-17 15:00:00+00:00	0 days 16:00:00
1935-08-15 23:00:00+00:00	1935-08-16 15:00:00+00:00	0 days 16:00:00
1935-08-14 23:00:00+00:00	1935-08-15 15:00:00+00:00	0 days 16:00:00
1934-07-15 23:00:00+00:00	1934-07-16 15:00:00+00:00	0 days 16:00:00
1935-08-12 23:00:00+00:00	1935-08-13 15:00:00+00:00	0 days 16:00:00
1935-08-11 23:00:00+00:00	1935-08-12 15:00:00+00:00	0 days 16:00:00
1935-08-10 23:00:00+00:00	1935-08-11 15:00:00+00:00	0 days 16:00:00
1935-06-10 23:00:00+00:00	1935-06-11 15:00:00+00:00	0 days 16:00:00
1935-06-04 23:00:00+00:00	1935-06-05 15:00:00+00:00	0 days 16:00:00
1935-04-08 23:00:00+00:00	1935-04-09 15:00:00+00:00	0 days 16:00:00
1935-06-03 23:00:00+00:00	1935-06-04 15:00:00+00:00	0 days 16:00:00
1935-05-06 23:00:00+00:00	1935-05-07 15:00:00+00:00	0 days 16:00:00
1935-05-05 23:00:00+00:00	1935-05-06 15:00:00+00:00	0 days 16:00:00
1935-05-04 23:00:00+00:00	1935-05-05 15:00:00+00:00	0 days 16:00:00
1935-05-03 23:00:00+00:00	1935-05-04 15:00:00+00:00	0 days 16:00:00
1935-05-02 23:00:00+00:00	1935-05-03 15:00:00+00:00	0 days 16:00:00
1935-05-01 23:00:00+00:00	1935-05-02 15:00:00+00:00	0 days 16:00:00
1935-04-30 23:00:00+00:00	1935-05-01 15:00:00+00:00	0 days 16:00:00
1935-04-29 23:00:00+00:00	1935-04-30 15:00:00+00:00	0 days 16:00:00
1935-04-28 23:00:00+00:00	1935-04-29 15:00:00+00:00	0 days 16:00:00
1935-04-27 23:00:00+00:00	1935-04-28 15:00:00+00:00	0 days 16:00:00
1935-04-26 23:00:00+00:00	1935-04-27 15:00:00+00:00	0 days 16:00:00
1935-04-25 23:00:00+00:00	1935-04-26 15:00:00+00:00	0 days 16:00:00
1935-04-24 23:00:00+00:00	1935-04-25 15:00:00+00:00	0 days 16:00:00
1935-04-23 23:00:00+00:00	1935-04-24 15:00:00+00:00	0 days 16:00:00
1935-04-22 23:00:00+00:00	1935-04-23 15:00:00+00:00	0 days 16:00:00
1935-04-21 23:00:00+00:00	1935-04-22 15:00:00+00:00	0 days 16:00:00
1935-04-20 23:00:00+00:00	1935-04-21 15:00:00+00:00	0 days 16:00:00
1935-04-16 23:00:00+00:00	1935-04-17 15:00:00+00:00	0 days 16:00:00
1935-04-15 23:00:00+00:00	1935-04-16 15:00:00+00:00	0 days 16:00:00
1935-04-14 23:00:00+00:00	1935-04-15 15:00:00+00:00	0 days 16:00:00
1935-04-13 23:00:00+00:00	1935-04-14 15:00:00+00:00	0 days 16:00:00
1935-05-07 23:00:00+00:00	1935-05-08 15:00:00+00:00	0 days 16:00:00
1935-05-08 23:00:00+00:00	1935-05-09 15:00:00+00:00	0 days 16:00:00
1935-05-09 23:00:00+00:00	1935-05-10 15:00:00+00:00	0 days 16:00:00
1935-05-24 23:00:00+00:00	1935-05-25 15:00:00+00:00	0 days 16:00:00
1935-06-02 23:00:00+00:00	1935-06-03 15:00:00+00:00	0 days 16:00:00
1935-06-01 23:00:00+00:00	1935-06-02 15:00:00+00:00	0 days 16:00:00
1935-05-31 23:00:00+00:00	1935-06-01 15:00:00+00:00	0 days 16:00:00
1935-05-30 23:00:00+00:00	1935-05-31 15:00:00+00:00	0 days 16:00:00
1935-05-29 23:00:00+00:00	1935-05-30 15:00:00+00:00	0 days 16:00:00
1935-05-28 23:00:00+00:00	1935-05-29 15:00:00+00:00	0 days 16:00:00
1935-05-27 23:00:00+00:00	1935-05-28 15:00:00+00:00	0 days 16:00:00
1935-05-26 23:00:00+00:00	1935-05-27 15:00:00+00:00	0 days 16:00:00
1935-05-25 23:00:00+00:00	1935-05-26 15:00:00+00:00	0 days 16:00:00
1935-05-23 23:00:00+00:00	1935-05-24 15:00:00+00:00	0 days 16:00:00
1935-05-10 23:00:00+00:00	1935-05-11 15:00:00+00:00	0 days 16:00:00
1935-05-20 23:00:00+00:00	1935-05-21 15:00:00+00:00	0 days 16:00:00
1935-05-19 23:00:00+00:00	1935-05-20 15:00:00+00:00	0 days 16:00:00
1935-05-17 23:00:00+00:00	1935-05-18 15:00:00+00:00	0 days 16:00:00
1935-05-16 23:00:00+00:00	1935-05-17 15:00:00+00:00	0 days 16:00:00
1935-05-15 23:00:00+00:00	1935-05-16 15:00:00+00:00	0 days 16:00:00
1935-05-14 23:00:00+00:00	1935-05-15 15:00:00+00:00	0 days 16:00:00
1935-05-13 23:00:00+00:00	1935-05-14 15:00:00+00:00	0 days 16:00:00
1935-05-12 23:00:00+00:00	1935-05-13 15:00:00+00:00	0 days 16:00:00
1935-05-11 23:00:00+00:00	1935-05-12 15:00:00+00:00	0 days 16:00:00
1935-09-24 23:00:00+00:00	1935-09-25 15:00:00+00:00	0 days 16:00:00
1935-09-30 23:00:00+00:00	1935-10-01 15:00:00+00:00	0 days 16:00:00
1935-10-01 23:00:00+00:00	1935-10-02 15:00:00+00:00	0 days 16:00:00
1935-10-05 23:00:00+00:00	1935-10-06 15:00:00+00:00	0 days 16:00:00
1936-01-13 23:00:00+00:00	1936-01-14 15:00:00+00:00	0 days 16:00:00
1936-01-10 23:00:00+00:00	1936-01-11 15:00:00+00:00	0 days 16:00:00
1936-01-08 23:00:00+00:00	1936-01-09 15:00:00+00:00	0 days 16:00:00
1936-01-07 23:00:00+00:00	1936-01-08 15:00:00+00:00	0 days 16:00:00
1936-01-06 23:00:00+00:00	1936-01-07 15:00:00+00:00	0 days 16:00:00
1936-01-05 23:00:00+00:00	1936-01-06 15:00:00+00:00	0 days 16:00:00
1936-01-04 23:00:00+00:00	1936-01-05 15:00:00+00:00	0 days 16:00:00
1936-01-02 23:00:00+00:00	1936-01-03 15:00:00+00:00	0 days 16:00:00
1936-01-01 23:00:00+00:00	1936-01-02 15:00:00+00:00	0 days 16:00:00
1935-12-30 23:00:00+00:00	1935-12-31 15:00:00+00:00	0 days 16:00:00
1935-12-29 23:00:00+00:00	1935-12-30 15:00:00+00:00	0 days 16:00:00
1935-12-28 23:00:00+00:00	1935-12-29 15:00:00+00:00	0 days 16:00:00
1935-12-27 23:00:00+00:00	1935-12-28 15:00:00+00:00	0 days 16:00:00
1935-12-26 23:00:00+00:00	1935-12-27 15:00:00+00:00	0 days 16:00:00
1935-12-22 23:00:00+00:00	1935-12-23 15:00:00+00:00	0 days 16:00:00
1935-12-21 23:00:00+00:00	1935-12-22 15:00:00+00:00	0 days 16:00:00
1935-12-19 23:00:00+00:00	1935-12-20 15:00:00+00:00	0 days 16:00:00
1935-12-18 23:00:00+00:00	1935-12-19 15:00:00+00:00	0 days 16:00:00
1935-12-16 23:00:00+00:00	1935-12-17 15:00:00+00:00	0 days 16:00:00
1935-12-13 23:00:00+00:00	1935-12-14 15:00:00+00:00	0 days 16:00:00
1935-12-12 23:00:00+00:00	1935-12-13 15:00:00+00:00	0 days 16:00:00
1936-01-14 23:00:00+00:00	1936-01-15 15:00:00+00:00	0 days 16:00:00
1936-01-15 23:00:00+00:00	1936-01-16 15:00:00+00:00	0 days 16:00:00
1936-01-16 23:00:00+00:00	1936-01-17 15:00:00+00:00	0 days 16:00:00
1936-02-02 23:00:00+00:00	1936-02-03 15:00:00+00:00	0 days 16:00:00
1936-02-13 23:00:00+00:00	1936-02-14 15:00:00+00:00	0 days 16:00:00
1936-02-12 23:00:00+00:00	1936-02-13 15:00:00+00:00	0 days 16:00:00
1936-02-11 23:00:00+00:00	1936-02-12 15:00:00+00:00	0 days 16:00:00
1936-02-10 23:00:00+00:00	1936-02-11 15:00:00+00:00	0 days 16:00:00
1936-02-09 23:00:00+00:00	1936-02-10 15:00:00+00:00	0 days 16:00:00
1936-02-07 23:00:00+00:00	1936-02-08 15:00:00+00:00	0 days 16:00:00
1936-02-06 23:00:00+00:00	1936-02-07 15:00:00+00:00	0 days 16:00:00
1936-02-04 23:00:00+00:00	1936-02-05 15:00:00+00:00	0 days 16:00:00
1936-02-03 23:00:00+00:00	1936-02-04 15:00:00+00:00	0 days 16:00:00
1936-02-01 23:00:00+00:00	1936-02-02 15:00:00+00:00	0 days 16:00:00
1936-01-17 23:00:00+00:00	1936-01-18 15:00:00+00:00	0 days 16:00:00
1936-01-31 23:00:00+00:00	1936-02-01 15:00:00+00:00	0 days 16:00:00
1936-01-30 23:00:00+00:00	1936-01-31 15:00:00+00:00	0 days 16:00:00
1936-01-29 23:00:00+00:00	1936-01-30 15:00:00+00:00	0 days 16:00:00
1936-01-28 23:00:00+00:00	1936-01-29 15:00:00+00:00	0 days 16:00:00
1936-01-27 23:00:00+00:00	1936-01-28 15:00:00+00:00	0 days 16:00:00
1936-01-25 23:00:00+00:00	1936-01-26 15:00:00+00:00	0 days 16:00:00
1936-01-23 23:00:00+00:00	1936-01-24 15:00:00+00:00	0 days 16:00:00
1936-01-20 23:00:00+00:00	1936-01-21 15:00:00+00:00	0 days 16:00:00
1936-01-19 23:00:00+00:00	1936-01-20 15:00:00+00:00	0 days 16:00:00
1935-12-11 23:00:00+00:00	1935-12-12 15:00:00+00:00	0 days 16:00:00
1935-12-10 23:00:00+00:00	1935-12-11 15:00:00+00:00	0 days 16:00:00
1935-12-09 23:00:00+00:00	1935-12-10 15:00:00+00:00	0 days 16:00:00
1935-10-19 23:00:00+00:00	1935-10-20 15:00:00+00:00	0 days 16:00:00
1935-10-31 23:00:00+00:00	1935-11-01 15:00:00+00:00	0 days 16:00:00
1935-10-30 23:00:00+00:00	1935-10-31 15:00:00+00:00	0 days 16:00:00
1935-10-29 23:00:00+00:00	1935-10-30 15:00:00+00:00	0 days 16:00:00
1935-10-28 23:00:00+00:00	1935-10-29 15:00:00+00:00	0 days 16:00:00
1935-10-27 23:00:00+00:00	1935-10-28 15:00:00+00:00	0 days 16:00:00
1935-10-25 23:00:00+00:00	1935-10-26 15:00:00+00:00	0 days 16:00:00
1935-10-24 23:00:00+00:00	1935-10-25 15:00:00+00:00	0 days 16:00:00
1935-10-23 23:00:00+00:00	1935-10-24 15:00:00+00:00	0 days 16:00:00
1935-10-22 23:00:00+00:00	1935-10-23 15:00:00+00:00	0 days 16:00:00
1935-10-18 23:00:00+00:00	1935-10-19 15:00:00+00:00	0 days 16:00:00
1935-11-02 23:00:00+00:00	1935-11-03 15:00:00+00:00	0 days 16:00:00
1935-10-17 23:00:00+00:00	1935-10-18 15:00:00+00:00	0 days 16:00:00
1935-10-16 23:00:00+00:00	1935-10-17 15:00:00+00:00	0 days 16:00:00
1935-10-14 23:00:00+00:00	1935-10-15 15:00:00+00:00	0 days 16:00:00
1935-10-13 23:00:00+00:00	1935-10-14 15:00:00+00:00	0 days 16:00:00
1935-10-12 23:00:00+00:00	1935-10-13 15:00:00+00:00	0 days 16:00:00
1935-10-11 23:00:00+00:00	1935-10-12 15:00:00+00:00	0 days 16:00:00
1935-10-10 23:00:00+00:00	1935-10-11 15:00:00+00:00	0 days 16:00:00
1935-10-07 23:00:00+00:00	1935-10-08 15:00:00+00:00	0 days 16:00:00
1935-10-06 23:00:00+00:00	1935-10-07 15:00:00+00:00	0 days 16:00:00
1935-11-01 23:00:00+00:00	1935-11-02 15:00:00+00:00	0 days 16:00:00
1935-11-08 23:00:00+00:00	1935-11-09 15:00:00+00:00	0 days 16:00:00
1935-12-08 23:00:00+00:00	1935-12-09 15:00:00+00:00	0 days 16:00:00
1935-11-25 23:00:00+00:00	1935-11-26 15:00:00+00:00	0 days 16:00:00
1935-12-07 23:00:00+00:00	1935-12-08 15:00:00+00:00	0 days 16:00:00
1935-12-06 23:00:00+00:00	1935-12-07 15:00:00+00:00	0 days 16:00:00
1935-12-05 23:00:00+00:00	1935-12-06 15:00:00+00:00	0 days 16:00:00
1935-12-04 23:00:00+00:00	1935-12-05 15:00:00+00:00	0 days 16:00:00
1935-12-03 23:00:00+00:00	1935-12-04 15:00:00+00:00	0 days 16:00:00
1935-12-02 23:00:00+00:00	1935-12-03 15:00:00+00:00	0 days 16:00:00
1935-12-01 23:00:00+00:00	1935-12-02 15:00:00+00:00	0 days 16:00:00
1935-11-29 23:00:00+00:00	1935-11-30 15:00:00+00:00	0 days 16:00:00
1935-11-28 23:00:00+00:00	1935-11-29 15:00:00+00:00	0 days 16:00:00
1935-11-24 23:00:00+00:00	1935-11-25 15:00:00+00:00	0 days 16:00:00
1935-11-09 23:00:00+00:00	1935-11-10 15:00:00+00:00	0 days 16:00:00
1935-11-23 23:00:00+00:00	1935-11-24 15:00:00+00:00	0 days 16:00:00
1935-11-22 23:00:00+00:00	1935-11-23 15:00:00+00:00	0 days 16:00:00
1935-11-21 23:00:00+00:00	1935-11-22 15:00:00+00:00	0 days 16:00:00
1935-11-19 23:00:00+00:00	1935-11-20 15:00:00+00:00	0 days 16:00:00
1935-11-18 23:00:00+00:00	1935-11-19 15:00:00+00:00	0 days 16:00:00
1935-11-17 23:00:00+00:00	1935-11-18 15:00:00+00:00	0 days 16:00:00
1935-11-16 23:00:00+00:00	1935-11-17 15:00:00+00:00	0 days 16:00:00
1935-11-14 23:00:00+00:00	1935-11-15 15:00:00+00:00	0 days 16:00:00
1935-11-12 23:00:00+00:00	1935-11-13 15:00:00+00:00	0 days 16:00:00
1935-04-09 23:00:00+00:00	1935-04-10 15:00:00+00:00	0 days 16:00:00
1935-08-13 23:00:00+00:00	1935-08-14 15:00:00+00:00	0 days 16:00:00
1935-04-07 23:00:00+00:00	1935-04-08 15:00:00+00:00	0 days 16:00:00
1934-10-23 23:00:00+00:00	1934-10-24 15:00:00+00:00	0 days 16:00:00
1934-11-10 23:00:00+00:00	1934-11-11 15:00:00+00:00	0 days 16:00:00
1934-11-09 23:00:00+00:00	1934-11-10 15:00:00+00:00	0 days 16:00:00
1934-11-08 23:00:00+00:00	1934-11-09 15:00:00+00:00	0 days 16:00:00
1934-11-06 23:00:00+00:00	1934-11-07 15:00:00+00:00	0 days 16:00:00
1934-11-05 23:00:00+00:00	1934-11-06 15:00:00+00:00	0 days 16:00:00
1934-11-01 23:00:00+00:00	1934-11-02 15:00:00+00:00	0 days 16:00:00
1934-10-31 23:00:00+00:00	1934-11-01 15:00:00+00:00	0 days 16:00:00
1934-10-29 23:00:00+00:00	1934-10-30 15:00:00+00:00	0 days 16:00:00
1934-10-27 23:00:00+00:00	1934-10-28 15:00:00+00:00	0 days 16:00:00
1934-10-26 23:00:00+00:00	1934-10-27 15:00:00+00:00	0 days 16:00:00
1934-10-21 23:00:00+00:00	1934-10-22 15:00:00+00:00	0 days 16:00:00
1934-12-17 23:00:00+00:00	1934-12-18 15:00:00+00:00	0 days 16:00:00
1934-10-20 23:00:00+00:00	1934-10-21 15:00:00+00:00	0 days 16:00:00
1934-10-19 23:00:00+00:00	1934-10-20 15:00:00+00:00	0 days 16:00:00
1934-10-18 23:00:00+00:00	1934-10-19 15:00:00+00:00	0 days 16:00:00
1934-10-16 23:00:00+00:00	1934-10-17 15:00:00+00:00	0 days 16:00:00
1934-10-15 23:00:00+00:00	1934-10-16 15:00:00+00:00	0 days 16:00:00
1934-10-14 23:00:00+00:00	1934-10-15 15:00:00+00:00	0 days 16:00:00
1934-10-13 23:00:00+00:00	1934-10-14 15:00:00+00:00	0 days 16:00:00
1934-10-12 23:00:00+00:00	1934-10-13 15:00:00+00:00	0 days 16:00:00
1934-10-11 23:00:00+00:00	1934-10-12 15:00:00+00:00	0 days 16:00:00
1934-10-08 23:00:00+00:00	1934-10-09 15:00:00+00:00	0 days 16:00:00
1934-11-11 23:00:00+00:00	1934-11-12 15:00:00+00:00	0 days 16:00:00
1934-11-12 23:00:00+00:00	1934-11-13 15:00:00+00:00	0 days 16:00:00
1934-11-14 23:00:00+00:00	1934-11-15 15:00:00+00:00	0 days 16:00:00
1934-11-15 23:00:00+00:00	1934-11-16 15:00:00+00:00	0 days 16:00:00
1934-12-15 23:00:00+00:00	1934-12-16 15:00:00+00:00	0 days 16:00:00
1934-12-14 23:00:00+00:00	1934-12-15 15:00:00+00:00	0 days 16:00:00
1934-12-13 23:00:00+00:00	1934-12-14 15:00:00+00:00	0 days 16:00:00
1934-12-12 23:00:00+00:00	1934-12-13 15:00:00+00:00	0 days 16:00:00
1934-12-11 23:00:00+00:00	1934-12-12 15:00:00+00:00	0 days 16:00:00
1934-12-10 23:00:00+00:00	1934-12-11 15:00:00+00:00	0 days 16:00:00
1934-12-09 23:00:00+00:00	1934-12-10 15:00:00+00:00	0 days 16:00:00
1934-12-08 23:00:00+00:00	1934-12-09 15:00:00+00:00	0 days 16:00:00
1934-12-07 23:00:00+00:00	1934-12-08 15:00:00+00:00	0 days 16:00:00
1934-12-06 23:00:00+00:00	1934-12-07 15:00:00+00:00	0 days 16:00:00
1934-12-05 23:00:00+00:00	1934-12-06 15:00:00+00:00	0 days 16:00:00
1934-12-04 23:00:00+00:00	1934-12-05 15:00:00+00:00	0 days 16:00:00
1934-12-02 23:00:00+00:00	1934-12-03 15:00:00+00:00	0 days 16:00:00
1934-12-01 23:00:00+00:00	1934-12-02 15:00:00+00:00	0 days 16:00:00
1934-11-28 23:00:00+00:00	1934-11-29 15:00:00+00:00	0 days 16:00:00
1934-11-26 23:00:00+00:00	1934-11-27 15:00:00+00:00	0 days 16:00:00
1934-11-23 23:00:00+00:00	1934-11-24 15:00:00+00:00	0 days 16:00:00
1934-11-19 23:00:00+00:00	1934-11-20 15:00:00+00:00	0 days 16:00:00
1934-11-18 23:00:00+00:00	1934-11-19 15:00:00+00:00	0 days 16:00:00
1934-11-17 23:00:00+00:00	1934-11-18 15:00:00+00:00	0 days 16:00:00
1934-11-16 23:00:00+00:00	1934-11-17 15:00:00+00:00	0 days 16:00:00
1934-10-07 23:00:00+00:00	1934-10-08 15:00:00+00:00	0 days 16:00:00
1934-10-06 23:00:00+00:00	1934-10-07 15:00:00+00:00	0 days 16:00:00
1934-10-05 23:00:00+00:00	1934-10-06 15:00:00+00:00	0 days 16:00:00
1934-08-29 23:00:00+00:00	1934-08-30 15:00:00+00:00	0 days 16:00:00
1934-08-22 23:00:00+00:00	1934-08-23 15:00:00+00:00	0 days 16:00:00
1935-04-06 23:00:00+00:00	1935-04-07 15:00:00+00:00	0 days 16:00:00
1934-08-18 23:00:00+00:00	1934-08-19 15:00:00+00:00	0 days 16:00:00
1934-08-13 23:00:00+00:00	1934-08-14 15:00:00+00:00	0 days 16:00:00
1934-08-08 23:00:00+00:00	1934-08-09 15:00:00+00:00	0 days 16:00:00
1934-08-07 23:00:00+00:00	1934-08-08 15:00:00+00:00	0 days 16:00:00
1934-08-03 23:00:00+00:00	1934-08-04 15:00:00+00:00	0 days 16:00:00
1934-07-31 23:00:00+00:00	1934-08-01 15:00:00+00:00	0 days 16:00:00
1934-07-30 23:00:00+00:00	1934-07-31 15:00:00+00:00	0 days 16:00:00
1934-07-29 23:00:00+00:00	1934-07-30 15:00:00+00:00	0 days 16:00:00
1934-07-28 23:00:00+00:00	1934-07-29 15:00:00+00:00	0 days 16:00:00
1934-07-27 23:00:00+00:00	1934-07-28 15:00:00+00:00	0 days 16:00:00
1934-07-24 23:00:00+00:00	1934-07-25 15:00:00+00:00	0 days 16:00:00
1934-07-23 23:00:00+00:00	1934-07-24 15:00:00+00:00	0 days 16:00:00
1934-07-22 23:00:00+00:00	1934-07-23 15:00:00+00:00	0 days 16:00:00
1934-07-21 23:00:00+00:00	1934-07-22 15:00:00+00:00	0 days 16:00:00
1934-07-20 23:00:00+00:00	1934-07-21 15:00:00+00:00	0 days 16:00:00
1934-07-19 23:00:00+00:00	1934-07-20 15:00:00+00:00	0 days 16:00:00
1934-07-18 23:00:00+00:00	1934-07-19 15:00:00+00:00	0 days 16:00:00
1934-07-17 23:00:00+00:00	1934-07-18 15:00:00+00:00	0 days 16:00:00
1934-07-16 23:00:00+00:00	1934-07-17 15:00:00+00:00	0 days 16:00:00
1934-08-24 23:00:00+00:00	1934-08-25 15:00:00+00:00	0 days 16:00:00
1934-09-02 23:00:00+00:00	1934-09-03 15:00:00+00:00	0 days 16:00:00
1934-10-04 23:00:00+00:00	1934-10-05 15:00:00+00:00	0 days 16:00:00
1934-09-03 23:00:00+00:00	1934-09-04 15:00:00+00:00	0 days 16:00:00
1934-10-03 23:00:00+00:00	1934-10-04 15:00:00+00:00	0 days 16:00:00
1934-10-02 23:00:00+00:00	1934-10-03 15:00:00+00:00	0 days 16:00:00
1934-10-01 23:00:00+00:00	1934-10-02 15:00:00+00:00	0 days 16:00:00
1934-09-30 23:00:00+00:00	1934-10-01 15:00:00+00:00	0 days 16:00:00
1934-09-24 23:00:00+00:00	1934-09-25 15:00:00+00:00	0 days 16:00:00
1934-09-23 23:00:00+00:00	1934-09-24 15:00:00+00:00	0 days 16:00:00
1934-09-22 23:00:00+00:00	1934-09-23 15:00:00+00:00	0 days 16:00:00
1934-09-21 23:00:00+00:00	1934-09-22 15:00:00+00:00	0 days 16:00:00
1934-09-20 23:00:00+00:00	1934-09-21 15:00:00+00:00	0 days 16:00:00
1934-09-19 23:00:00+00:00	1934-09-20 15:00:00+00:00	0 days 16:00:00
1934-09-18 23:00:00+00:00	1934-09-19 15:00:00+00:00	0 days 16:00:00
1934-09-17 23:00:00+00:00	1934-09-18 15:00:00+00:00	0 days 16:00:00
1934-09-16 23:00:00+00:00	1934-09-17 15:00:00+00:00	0 days 16:00:00
1934-09-15 23:00:00+00:00	1934-09-16 15:00:00+00:00	0 days 16:00:00
1934-09-14 23:00:00+00:00	1934-09-15 15:00:00+00:00	0 days 16:00:00
1934-09-10 23:00:00+00:00	1934-09-11 15:00:00+00:00	0 days 16:00:00
1934-09-09 23:00:00+00:00	1934-09-10 15:00:00+00:00	0 days 16:00:00
1934-09-08 23:00:00+00:00	1934-09-09 15:00:00+00:00	0 days 16:00:00
1934-09-07 23:00:00+00:00	1934-09-08 15:00:00+00:00	0 days 16:00:00
1934-09-05 23:00:00+00:00	1934-09-06 15:00:00+00:00	0 days 16:00:00
1934-09-04 23:00:00+00:00	1934-09-05 15:00:00+00:00	0 days 16:00:00
1934-12-16 23:00:00+00:00	1934-12-17 15:00:00+00:00	0 days 16:00:00
1934-08-20 23:00:00+00:00	1934-08-21 15:00:00+00:00	0 days 16:00:00
1934-12-18 23:00:00+00:00	1934-12-19 15:00:00+00:00	0 days 16:00:00
1935-03-07 23:00:00+00:00	1935-03-08 15:00:00+00:00	0 days 16:00:00
1935-03-05 23:00:00+00:00	1935-03-06 15:00:00+00:00	0 days 16:00:00
1935-03-04 23:00:00+00:00	1935-03-05 15:00:00+00:00	0 days 16:00:00
1935-03-03 23:00:00+00:00	1935-03-04 15:00:00+00:00	0 days 16:00:00
1935-03-02 23:00:00+00:00	1935-03-03 15:00:00+00:00	0 days 16:00:00
1935-02-24 23:00:00+00:00	1935-02-25 15:00:00+00:00	0 days 16:00:00
1935-02-23 23:00:00+00:00	1935-02-24 15:00:00+00:00	0 days 16:00:00
1935-02-22 23:00:00+00:00	1935-02-23 15:00:00+00:00	0 days 16:00:00
1935-02-21 23:00:00+00:00	1935-02-22 15:00:00+00:00	0 days 16:00:00
1935-02-20 23:00:00+00:00	1935-02-21 15:00:00+00:00	0 days 16:00:00
1935-02-19 23:00:00+00:00	1935-02-20 15:00:00+00:00	0 days 16:00:00
1935-02-18 23:00:00+00:00	1935-02-19 15:00:00+00:00	0 days 16:00:00
1935-02-16 23:00:00+00:00	1935-02-17 15:00:00+00:00	0 days 16:00:00
1935-02-14 23:00:00+00:00	1935-02-15 15:00:00+00:00	0 days 16:00:00
1935-02-13 23:00:00+00:00	1935-02-14 15:00:00+00:00	0 days 16:00:00
1935-02-12 23:00:00+00:00	1935-02-13 15:00:00+00:00	0 days 16:00:00
1935-02-11 23:00:00+00:00	1935-02-12 15:00:00+00:00	0 days 16:00:00
1935-02-07 23:00:00+00:00	1935-02-08 15:00:00+00:00	0 days 16:00:00
1935-02-06 23:00:00+00:00	1935-02-07 15:00:00+00:00	0 days 16:00:00
1935-02-05 23:00:00+00:00	1935-02-06 15:00:00+00:00	0 days 16:00:00
1935-02-04 23:00:00+00:00	1935-02-05 15:00:00+00:00	0 days 16:00:00
1935-02-03 23:00:00+00:00	1935-02-04 15:00:00+00:00	0 days 16:00:00
1935-03-06 23:00:00+00:00	1935-03-07 15:00:00+00:00	0 days 16:00:00
1935-03-08 23:00:00+00:00	1935-03-09 15:00:00+00:00	0 days 16:00:00
1935-01-31 23:00:00+00:00	1935-02-01 15:00:00+00:00	0 days 16:00:00
1935-03-09 23:00:00+00:00	1935-03-10 15:00:00+00:00	0 days 16:00:00
1935-04-05 23:00:00+00:00	1935-04-06 15:00:00+00:00	0 days 16:00:00
1935-04-03 23:00:00+00:00	1935-04-04 15:00:00+00:00	0 days 16:00:00
1935-04-01 23:00:00+00:00	1935-04-02 15:00:00+00:00	0 days 16:00:00
1935-03-31 23:00:00+00:00	1935-04-01 15:00:00+00:00	0 days 16:00:00
1935-03-30 23:00:00+00:00	1935-03-31 15:00:00+00:00	0 days 16:00:00
1935-03-29 23:00:00+00:00	1935-03-30 15:00:00+00:00	0 days 16:00:00
1935-03-28 23:00:00+00:00	1935-03-29 15:00:00+00:00	0 days 16:00:00
1935-03-24 23:00:00+00:00	1935-03-25 15:00:00+00:00	0 days 16:00:00
1935-03-23 23:00:00+00:00	1935-03-24 15:00:00+00:00	0 days 16:00:00
1935-03-21 23:00:00+00:00	1935-03-22 15:00:00+00:00	0 days 16:00:00
1935-03-20 23:00:00+00:00	1935-03-21 15:00:00+00:00	0 days 16:00:00
1935-03-19 23:00:00+00:00	1935-03-20 15:00:00+00:00	0 days 16:00:00
1935-03-18 23:00:00+00:00	1935-03-19 15:00:00+00:00	0 days 16:00:00
1935-03-17 23:00:00+00:00	1935-03-18 15:00:00+00:00	0 days 16:00:00
1935-03-16 23:00:00+00:00	1935-03-17 15:00:00+00:00	0 days 16:00:00
1935-03-15 23:00:00+00:00	1935-03-16 15:00:00+00:00	0 days 16:00:00
1935-03-14 23:00:00+00:00	1935-03-15 15:00:00+00:00	0 days 16:00:00
1935-03-13 23:00:00+00:00	1935-03-14 15:00:00+00:00	0 days 16:00:00
1935-03-12 23:00:00+00:00	1935-03-13 15:00:00+00:00	0 days 16:00:00
1935-03-11 23:00:00+00:00	1935-03-12 15:00:00+00:00	0 days 16:00:00
1935-03-10 23:00:00+00:00	1935-03-11 15:00:00+00:00	0 days 16:00:00
1935-02-02 23:00:00+00:00	1935-02-03 15:00:00+00:00	0 days 16:00:00
1935-02-01 23:00:00+00:00	1935-02-02 15:00:00+00:00	0 days 16:00:00
1935-01-30 23:00:00+00:00	1935-01-31 15:00:00+00:00	0 days 16:00:00
1934-12-29 23:00:00+00:00	1934-12-30 15:00:00+00:00	0 days 16:00:00
1935-01-09 23:00:00+00:00	1935-01-10 15:00:00+00:00	0 days 16:00:00
1935-01-08 23:00:00+00:00	1935-01-09 15:00:00+00:00	0 days 16:00:00
1935-01-06 23:00:00+00:00	1935-01-07 15:00:00+00:00	0 days 16:00:00
1935-01-04 23:00:00+00:00	1935-01-05 15:00:00+00:00	0 days 16:00:00
1935-01-03 23:00:00+00:00	1935-01-04 15:00:00+00:00	0 days 16:00:00
1935-01-01 23:00:00+00:00	1935-01-02 15:00:00+00:00	0 days 16:00:00
1934-12-31 23:00:00+00:00	1935-01-01 15:00:00+00:00	0 days 16:00:00
1934-12-30 23:00:00+00:00	1934-12-31 15:00:00+00:00	0 days 16:00:00
1934-12-28 23:00:00+00:00	1934-12-29 15:00:00+00:00	0 days 16:00:00
1935-01-11 23:00:00+00:00	1935-01-12 15:00:00+00:00	0 days 16:00:00
1934-12-27 23:00:00+00:00	1934-12-28 15:00:00+00:00	0 days 16:00:00
1934-12-26 23:00:00+00:00	1934-12-27 15:00:00+00:00	0 days 16:00:00
1934-12-25 23:00:00+00:00	1934-12-26 15:00:00+00:00	0 days 16:00:00
1934-12-24 23:00:00+00:00	1934-12-25 15:00:00+00:00	0 days 16:00:00
1934-12-23 23:00:00+00:00	1934-12-24 15:00:00+00:00	0 days 16:00:00
1934-12-22 23:00:00+00:00	1934-12-23 15:00:00+00:00	0 days 16:00:00
1934-12-21 23:00:00+00:00	1934-12-22 15:00:00+00:00	0 days 16:00:00
1934-12-20 23:00:00+00:00	1934-12-21 15:00:00+00:00	0 days 16:00:00
1935-01-10 23:00:00+00:00	1935-01-11 15:00:00+00:00	0 days 16:00:00
1935-01-07 23:00:00+00:00	1935-01-08 15:00:00+00:00	0 days 16:00:00
1935-01-12 23:00:00+00:00	1935-01-13 15:00:00+00:00	0 days 16:00:00
1935-01-20 23:00:00+00:00	1935-01-21 15:00:00+00:00	0 days 16:00:00
1935-01-29 23:00:00+00:00	1935-01-30 15:00:00+00:00	0 days 16:00:00
1935-01-27 23:00:00+00:00	1935-01-28 15:00:00+00:00	0 days 16:00:00
1935-01-26 23:00:00+00:00	1935-01-27 15:00:00+00:00	0 days 16:00:00
1935-01-25 23:00:00+00:00	1935-01-26 15:00:00+00:00	0 days 16:00:00
1935-01-24 23:00:00+00:00	1935-01-25 15:00:00+00:00	0 days 16:00:00
1935-01-23 23:00:00+00:00	1935-01-24 15:00:00+00:00	0 days 16:00:00
1935-01-22 23:00:00+00:00	1935-01-23 15:00:00+00:00	0 days 16:00:00
1935-01-21 23:00:00+00:00	1935-01-22 15:00:00+00:00	0 days 16:00:00
1934-12-19 23:00:00+00:00	1934-12-20 15:00:00+00:00	0 days 16:00:00
1935-01-19 23:00:00+00:00	1935-01-20 15:00:00+00:00	0 days 16:00:00
1935-01-18 23:00:00+00:00	1935-01-19 15:00:00+00:00	0 days 16:00:00
1935-01-17 23:00:00+00:00	1935-01-18 15:00:00+00:00	0 days 16:00:00
1935-01-16 23:00:00+00:00	1935-01-17 15:00:00+00:00	0 days 16:00:00
1935-01-13 23:00:00+00:00	1935-01-14 15:00:00+00:00	0 days 16:00:00
1935-01-14 23:00:00+00:00	1935-01-15 15:00:00+00:00	0 days 16:00:00
1933-11-02 23:00:00+00:00	1933-11-03 14:00:00+00:00	0 days 15:00:00
1935-03-01 23:00:00+00:00	1935-03-02 14:00:00+00:00	0 days 15:00:00
1933-11-06 00:00:00+00:00	1933-11-06 15:00:00+00:00	0 days 15:00:00
1933-10-09 01:00:00+00:00	1933-10-09 15:00:00+00:00	0 days 14:00:00
2003-10-13 01:00:00+00:00	2003-10-13 15:00:00+00:00	0 days 14:00:00
2007-08-28 02:55:00+00:00	2007-08-28 16:55:00+00:00	0 days 14:00:00
1933-10-08 01:00:00+00:00	1933-10-08 15:00:00+00:00	0 days 14:00:00
1933-09-10 23:00:00+00:00	1933-09-11 13:00:00+00:00	0 days 14:00:00
1933-10-04 01:00:00+00:00	1933-10-04 15:00:00+00:00	0 days 14:00:00
1933-10-05 01:00:00+00:00	1933-10-05 15:00:00+00:00	0 days 14:00:00
1939-02-01 07:00:00+00:00	1939-02-01 19:00:00+00:00	0 days 12:00:00
1935-08-06 03:00:00+00:00	1935-08-06 15:00:00+00:00	0 days 12:00:00
2004-07-02 04:00:00+00:00	2004-07-02 16:00:00+00:00	0 days 12:00:00
2014-07-12 11:58:00+00:00	2014-07-12 22:58:00+00:00	0 days 11:00:00
2016-03-22 21:58:00+00:00	2016-03-23 08:58:00+00:00	0 days 11:00:00
1939-02-04 07:00:00+00:00	1939-02-04 17:00:00+00:00	0 days 10:00:00
2002-06-19 16:00:00+00:00	2002-06-20 02:00:00+00:00	0 days 10:00:00
2002-10-26 00:00:00+00:00	2002-10-26 10:00:00+00:00	0 days 10:00:00
2002-07-09 14:00:00+00:00	2002-07-09 23:00:00+00:00	0 days 09:00:00
2002-06-18 15:00:00+00:00	2002-06-19 00:00:00+00:00	0 days 09:00:00
2001-03-29 08:00:00+00:00	2001-03-29 16:32:00+00:00	0 days 08:32:00
2013-06-25 05:55:00+00:00	2013-06-25 14:15:00+00:00	0 days 08:20:00
2013-06-16 05:55:00+00:00	2013-06-16 14:15:00+00:00	0 days 08:20:00
2013-06-15 05:55:00+00:00	2013-06-15 14:15:00+00:00	0 days 08:20:00
2013-06-22 05:55:00+00:00	2013-06-22 14:14:00+00:00	0 days 08:19:00
2013-06-23 05:55:00+00:00	2013-06-23 14:12:00+00:00	0 days 08:17:00
2013-06-24 05:55:00+00:00	2013-06-24 14:11:00+00:00	0 days 08:16:00
2013-06-17 05:55:00+00:00	2013-06-17 14:04:00+00:00	0 days 08:09:00
1998-11-01 16:00:00+00:00	1998-11-02 00:00:00+00:00	0 days 08:00:00
2001-03-15 09:22:00+00:00	2001-03-15 17:16:00+00:00	0 days 07:54:00
2003-10-07 09:00:00+00:00	2003-10-07 16:31:00+00:00	0 days 07:31:00
2003-10-08 08:00:00+00:00	2003-10-08 15:30:00+00:00	0 days 07:30:00
2004-01-17 10:11:00+00:00	2004-01-17 17:20:00+00:00	0 days 07:09:00
1996-04-27 06:00:00+00:00	1996-04-27 13:00:00+00:00	0 days 07:00:00
1938-11-02 07:00:00+00:00	1938-11-02 14:00:00+00:00	0 days 07:00:00
2001-12-14 07:00:00+00:00	2001-12-14 14:00:00+00:00	0 days 07:00:00
2004-01-22 03:00:00+00:00	2004-01-22 10:00:00+00:00	0 days 07:00:00
1999-06-08 22:00:00+00:00	1999-06-09 05:00:00+00:00	0 days 07:00:00
2004-01-22 14:00:00+00:00	2004-01-22 21:00:00+00:00	0 days 07:00:00
1997-12-16 06:00:00+00:00	1997-12-16 13:00:00+00:00	0 days 07:00:00
1996-04-28 06:00:00+00:00	1996-04-28 13:00:00+00:00	0 days 07:00:00
1996-04-26 06:00:00+00:00	1996-04-26 13:00:00+00:00	0 days 07:00:00
1996-04-14 06:00:00+00:00	1996-04-14 13:00:00+00:00	0 days 07:00:00
1996-04-25 06:00:00+00:00	1996-04-25 13:00:00+00:00	0 days 07:00:00
1996-04-20 06:00:00+00:00	1996-04-20 13:00:00+00:00	0 days 07:00:00
1996-04-19 06:00:00+00:00	1996-04-19 13:00:00+00:00	0 days 07:00:00
1996-04-10 06:00:00+00:00	1996-04-10 13:00:00+00:00	0 days 07:00:00
1996-04-21 06:00:00+00:00	1996-04-21 13:00:00+00:00	0 days 07:00:00
1996-04-09 06:00:00+00:00	1996-04-09 13:00:00+00:00	0 days 07:00:00
1996-04-12 06:00:00+00:00	1996-04-12 13:00:00+00:00	0 days 07:00:00
1996-04-08 06:00:00+00:00	1996-04-08 13:00:00+00:00	0 days 07:00:00
1996-04-13 06:00:00+00:00	1996-04-13 13:00:00+00:00	0 days 07:00:00
1996-04-18 06:00:00+00:00	1996-04-18 13:00:00+00:00	0 days 07:00:00
1996-04-11 06:00:00+00:00	1996-04-11 13:00:00+00:00	0 days 07:00:00
1996-04-22 06:00:00+00:00	1996-04-22 13:00:00+00:00	0 days 07:00:00
1996-04-16 06:00:00+00:00	1996-04-16 13:00:00+00:00	0 days 07:00:00
1996-04-04 07:00:00+00:00	1996-04-04 14:00:00+00:00	0 days 07:00:00
1996-04-02 07:00:00+00:00	1996-04-02 14:00:00+00:00	0 days 07:00:00
1996-04-15 06:00:00+00:00	1996-04-15 13:00:00+00:00	0 days 07:00:00
1996-04-06 07:00:00+00:00	1996-04-06 14:00:00+00:00	0 days 07:00:00
1996-04-23 06:00:00+00:00	1996-04-23 13:00:00+00:00	0 days 07:00:00
1996-04-05 07:00:00+00:00	1996-04-05 14:00:00+00:00	0 days 07:00:00
1996-04-03 07:00:00+00:00	1996-04-03 14:00:00+00:00	0 days 07:00:00
1996-04-01 07:00:00+00:00	1996-04-01 14:00:00+00:00	0 days 07:00:00
2004-01-20 06:49:00+00:00	2004-01-20 13:30:00+00:00	0 days 06:41:00
2011-02-08 13:26:00+00:00	2011-02-08 19:55:00+00:00	0 days 06:29:00
2003-01-22 11:00:00+00:00	2003-01-22 17:16:00+00:00	0 days 06:16:00
2003-10-01 08:00:00+00:00	2003-10-01 14:10:00+00:00	0 days 06:10:00
2002-08-15 13:00:00+00:00	2002-08-15 19:00:00+00:00	0 days 06:00:00
2003-10-10 10:00:00+00:00	2003-10-10 16:00:00+00:00	0 days 06:00:00
2001-04-19 11:00:00+00:00	2001-04-19 17:00:00+00:00	0 days 06:00:00
2002-07-27 00:00:00+00:00	2002-07-27 06:00:00+00:00	0 days 06:00:00
1938-12-01 08:00:00+00:00	1938-12-01 14:00:00+00:00	0 days 06:00:00
2002-06-21 06:00:00+00:00	2002-06-21 12:00:00+00:00	0 days 06:00:00
1999-01-22 00:00:00+00:00	1999-01-22 06:00:00+00:00	0 days 06:00:00
1996-04-24 06:00:00+00:00	1996-04-24 12:00:00+00:00	0 days 06:00:00
1999-12-23 00:00:00+00:00	1999-12-23 06:00:00+00:00	0 days 06:00:00
1996-04-07 07:00:00+00:00	1996-04-07 13:00:00+00:00	0 days 06:00:00
2005-08-11 23:55:00+00:00	2005-08-12 05:55:00+00:00	0 days 06:00:00
2004-04-02 03:00:00+00:00	2004-04-02 09:00:00+00:00	0 days 06:00:00
2003-02-23 11:23:00+00:00	2003-02-23 17:16:00+00:00	0 days 05:53:00
2003-12-15 07:00:00+00:00	2003-12-15 12:41:00+00:00	0 days 05:41:00
2001-02-21 12:00:00+00:00	2001-02-21 17:39:00+00:00	0 days 05:39:00
2001-05-02 13:00:00+00:00	2001-05-02 18:30:00+00:00	0 days 05:30:00
2003-11-21 06:00:00+00:00	2003-11-21 11:29:00+00:00	0 days 05:29:00
2001-05-14 11:00:00+00:00	2001-05-14 16:28:00+00:00	0 days 05:28:00
2001-05-16 09:47:00+00:00	2001-05-16 15:12:00+00:00	0 days 05:25:00
2003-06-17 10:00:00+00:00	2003-06-17 15:17:00+00:00	0 days 05:17:00
1967-09-10 17:00:00+00:00	1967-09-10 22:00:00+00:00	0 days 05:00:00
2000-09-19 01:00:00+00:00	2000-09-19 06:00:00+00:00	0 days 05:00:00
1999-09-13 11:00:00+00:00	1999-09-13 16:00:00+00:00	0 days 05:00:00
2002-06-13 23:00:00+00:00	2002-06-14 04:00:00+00:00	0 days 05:00:00
2002-05-13 23:00:00+00:00	2002-05-14 04:00:00+00:00	0 days 05:00:00
2002-05-02 21:00:00+00:00	2002-05-03 02:00:00+00:00	0 days 05:00:00
2002-03-26 10:00:00+00:00	2002-03-26 15:00:00+00:00	0 days 05:00:00
2003-05-10 06:00:00+00:00	2003-05-10 11:00:00+00:00	0 days 05:00:00
2008-03-19 16:55:00+00:00	2008-03-19 21:55:00+00:00	0 days 05:00:00
1999-05-19 05:00:00+00:00	1999-05-19 10:00:00+00:00	0 days 05:00:00
1998-11-15 16:00:00+00:00	1998-11-15 21:00:00+00:00	0 days 05:00:00
1937-12-17 09:00:00+00:00	1937-12-17 14:00:00+00:00	0 days 05:00:00
2001-09-29 06:00:00+00:00	2001-09-29 11:00:00+00:00	0 days 05:00:00
2009-03-02 15:00:00+00:00	2009-03-02 19:55:00+00:00	0 days 04:55:00
2002-09-05 17:00:00+00:00	2002-09-05 21:49:00+00:00	0 days 04:49:00
2001-02-20 13:00:00+00:00	2001-02-20 17:32:00+00:00	0 days 04:32:00
2003-10-05 12:00:00+00:00	2003-10-05 16:32:00+00:00	0 days 04:32:00
2001-07-24 12:09:00+00:00	2001-07-24 16:39:00+00:00	0 days 04:30:00
2003-10-06 12:16:00+00:00	2003-10-06 16:37:00+00:00	0 days 04:21:00
2001-03-31 14:00:00+00:00	2001-03-31 18:17:00+00:00	0 days 04:17:00
1999-06-08 11:44:00+00:00	1999-06-08 16:00:00+00:00	0 days 04:16:00
2013-11-03 11:58:00+00:00	2013-11-03 16:13:00+00:00	0 days 04:15:00
2003-03-05 13:21:00+00:00	2003-03-05 17:36:00+00:00	0 days 04:15:00
2013-08-22 21:55:00+00:00	2013-08-23 01:58:00+00:00	0 days 04:03:00
2003-03-21 13:00:00+00:00	2003-03-21 17:03:00+00:00	0 days 04:03:00
1996-04-17 06:00:00+00:00	1996-04-17 10:00:00+00:00	0 days 04:00:00
1998-12-11 14:00:00+00:00	1998-12-11 18:00:00+00:00	0 days 04:00:00
1999-12-21 21:00:00+00:00	1999-12-22 01:00:00+00:00	0 days 04:00:00
1999-05-13 23:00:00+00:00	1999-05-14 03:00:00+00:00	0 days 04:00:00
2004-02-07 21:00:00+00:00	2004-02-08 01:00:00+00:00	0 days 04:00:00
1999-04-27 04:00:00+00:00	1999-04-27 08:00:00+00:00	0 days 04:00:00
2004-06-25 09:00:00+00:00	2004-06-25 13:00:00+00:00	0 days 04:00:00
2002-06-19 12:00:00+00:00	2002-06-19 16:00:00+00:00	0 days 04:00:00
1998-11-04 07:00:00+00:00	1998-11-04 11:00:00+00:00	0 days 04:00:00
2007-05-10 02:55:00+00:00	2007-05-10 06:55:00+00:00	0 days 04:00:00
2000-10-21 07:00:00+00:00	2000-10-21 11:00:00+00:00	0 days 04:00:00
1998-08-16 17:00:00+00:00	1998-08-16 21:00:00+00:00	0 days 04:00:00
1998-08-14 22:00:00+00:00	1998-08-15 02:00:00+00:00	0 days 04:00:00
1998-08-14 18:00:00+00:00	1998-08-14 22:00:00+00:00	0 days 04:00:00
2012-06-13 17:55:00+00:00	2012-06-13 21:55:00+00:00	0 days 04:00:00
1998-03-30 09:00:00+00:00	1998-03-30 13:00:00+00:00	0 days 04:00:00
1998-03-30 05:00:00+00:00	1998-03-30 09:00:00+00:00	0 days 04:00:00
1997-10-29 09:00:00+00:00	1997-10-29 13:00:00+00:00	0 days 04:00:00
1997-08-31 01:00:00+00:00	1997-08-31 05:00:00+00:00	0 days 04:00:00
1935-08-05 23:00:00+00:00	1935-08-06 03:00:00+00:00	0 days 04:00:00
2014-07-13 12:58:00+00:00	2014-07-13 16:58:00+00:00	0 days 04:00:00
2004-01-13 16:00:00+00:00	2004-01-13 20:00:00+00:00	0 days 04:00:00
2003-05-01 07:00:00+00:00	2003-05-01 11:00:00+00:00	0 days 04:00:00
2003-05-28 01:00:00+00:00	2003-05-28 05:00:00+00:00	0 days 04:00:00
2002-06-18 10:00:00+00:00	2002-06-18 14:00:00+00:00	0 days 04:00:00
2002-04-11 06:00:00+00:00	2002-04-11 10:00:00+00:00	0 days 04:00:00
2002-09-28 09:00:00+00:00	2002-09-28 13:00:00+00:00	0 days 04:00:00
2002-01-19 13:00:00+00:00	2002-01-19 17:00:00+00:00	0 days 04:00:00
2002-01-04 07:00:00+00:00	2002-01-04 11:00:00+00:00	0 days 04:00:00
2003-02-16 22:00:00+00:00	2003-02-17 02:00:00+00:00	0 days 04:00:00
2001-09-27 08:00:00+00:00	2001-09-27 12:00:00+00:00	0 days 04:00:00
2003-02-24 03:00:00+00:00	2003-02-24 07:00:00+00:00	0 days 04:00:00
2001-09-05 13:00:00+00:00	2001-09-05 17:00:00+00:00	0 days 04:00:00
2002-04-07 05:00:00+00:00	2002-04-07 09:00:00+00:00	0 days 04:00:00
2003-08-29 06:00:00+00:00	2003-08-29 10:00:00+00:00	0 days 04:00:00
2001-08-13 14:00:00+00:00	2001-08-13 18:00:00+00:00	0 days 04:00:00
2001-05-13 21:00:00+00:00	2001-05-14 01:00:00+00:00	0 days 04:00:00
2003-08-15 02:00:00+00:00	2003-08-15 06:00:00+00:00	0 days 04:00:00
2001-08-12 09:00:00+00:00	2001-08-12 13:00:00+00:00	0 days 04:00:00
2014-04-10 15:58:00+00:00	2014-04-10 19:55:00+00:00	0 days 03:57:00
2009-06-27 18:00:00+00:00	2009-06-27 21:55:00+00:00	0 days 03:55:00
2005-08-31 21:00:00+00:00	2005-09-01 00:55:00+00:00	0 days 03:55:00
2003-06-02 11:21:00+00:00	2003-06-02 15:14:00+00:00	0 days 03:53:00
2004-10-28 01:10:00+00:00	2004-10-28 05:00:00+00:00	0 days 03:50:00
2004-02-04 10:00:00+00:00	2004-02-04 13:50:00+00:00	0 days 03:50:00
1997-07-22 21:10:00+00:00	1997-07-23 01:00:00+00:00	0 days 03:50:00
2003-06-01 11:16:00+00:00	2003-06-01 15:05:00+00:00	0 days 03:49:00
2001-02-19 12:00:00+00:00	2001-02-19 15:45:00+00:00	0 days 03:45:00
2003-10-15 12:15:00+00:00	2003-10-15 16:00:00+00:00	0 days 03:45:00
1997-07-26 12:55:00+00:00	1997-07-26 16:40:00+00:00	0 days 03:45:00
2011-03-25 12:45:00+00:00	2011-03-25 16:26:00+00:00	0 days 03:41:00
2003-02-18 12:00:00+00:00	2003-02-18 15:40:00+00:00	0 days 03:40:00
1996-09-22 10:20:00+00:00	1996-09-22 14:00:00+00:00	0 days 03:40:00
2002-03-07 11:00:00+00:00	2002-03-07 14:39:00+00:00	0 days 03:39:00
2002-11-24 00:31:00+00:00	2002-11-24 04:00:00+00:00	0 days 03:29:00
2000-02-21 11:00:00+00:00	2000-02-21 14:21:00+00:00	0 days 03:21:00
2004-01-26 14:00:00+00:00	2004-01-26 17:19:00+00:00	0 days 03:19:00
2003-10-04 12:00:00+00:00	2003-10-04 15:05:00+00:00	0 days 03:05:00
2003-12-11 13:00:00+00:00	2003-12-11 16:02:00+00:00	0 days 03:02:00
2005-12-11 02:56:00+00:00	2005-12-11 05:57:00+00:00	0 days 03:01:00
